Finished Orders,Dynamic Percentage,Order Items,Driver Violation,Commute Distance,Transport Machines,Transport Attachments,Machines,Workers,Attachments
29,29.0,297,47,32591.878816124194,10629.841996913778,0,17,33,12
29,29.0,297,48,32164.495022340845,10523.140555836098,0,16,34,12
29,29.0,297,48,32197.972321547495,10629.841996913778,0,17,33,12
29,29.0,297,48,32232.826178899002,10623.489174855964,0,17,33,12
29,29.0,297,48,32234.8680365694,10565.722391385081,0,16,33,12
29,29.0,297,48,32459.217203246895,10488.19291930941,0,17,33,12
29,29.0,297,48,32459.217203246895,10529.320044674876,0,16,33,12
29,29.0,297,49,31742.702871976795,10619.37944682397,0,16,34,12
29,29.0,297,49,31980.18694658894,10537.740990351998,0,16,35,12
29,29.0,297,49,32159.63111638009,10629.841996913778,0,17,33,12
29,29.0,297,49,32194.071539557473,10565.722391385081,0,16,33,12
29,29.0,297,50,31858.176564133537,10356.544740239899,0,16,34,12
29,29.0,297,52,32159.63111638009,10610.595211437167,0,17,33,12
29,29.0,297,52,32312.159536960666,10509.143785634798,0,16,33,12
29,29.0,297,55,32042.495870730236,10610.595211437167,0,17,33,13
29,29.0,297,56,32016.7160819406,10610.595211437167,0,17,33,13
29,29.0,297,56,32538.722078752944,10501.06277852895,0,16,33,12
29,29.0,297,57,31949.06849451164,10763.062122094992,0,17,33,13
29,29.0,297,57,32042.495870730236,10554.80064583324,0,17,33,13
29,29.0,297,58,31923.239379776085,10763.062122094992,0,17,33,13
29,29.0,297,58,32042.495870730236,10525.395119543728,0,17,33,13
29,29.0,297,59,32278.98349486016,10261.644094018007,0,16,34,12
29,29.0,297,59,32357.50734941958,10456.412098964889,0,16,33,12
29,29.0,297,59,32360.036087997385,10252.901036066256,0,17,35,12
29,29.0,297,59,32386.308786352605,10206.409875812882,0,17,36,12
29,29.0,297,59,32418.200272226917,10098.486097276314,0,17,36,12
29,29.0,297,59,32452.505158242588,10206.409875812882,0,17,35,12
29,29.0,297,59,32583.989142000224,10144.457360748484,0,17,35,12
29,29.0,297,60,32278.98349486016,10211.21182783043,0,16,34,12
29,29.0,297,60,32360.036087997385,10205.239955380266,0,17,35,12
29,29.0,297,61,32278.98349486016,10159.655628604112,0,16,34,12
29,29.0,297,65,31775.642428332518,10551.179353411982,0,17,35,14
29,29.0,297,66,31775.642428332518,10529.117439734611,0,17,35,14
29,29.0,297,68,32117.109780727693,10490.297208860095,0,17,33,14
29,29.0,297,69,32109.2234256125,10490.297208860095,0,17,33,14
29,29.0,297,71,31783.7328918454,10529.117439734611,0,17,34,14
29,29.0,297,72,32275.785879559637,10536.41858801954,0,16,33,15
29,29.0,297,73,32217.145650397593,10479.700654378514,0,17,33,14
29,29.0,297,73,32224.223414327374,10478.603105039108,0,17,33,14
29,29.0,297,73,32252.438847762336,10469.035360116446,0,17,33,14
29,29.0,297,74,32217.145650397593,10469.035360116446,0,17,33,14
29,29.0,297,74,32224.186469535478,10561.170905475277,0,17,32,14
29,29.0,297,74,32263.05659293006,10563.417602084992,0,16,33,16
29,29.0,297,74,32270.07598289001,10314.635342174286,0,17,35,14
29,29.0,297,75,32217.145650397593,10420.514152564749,0,17,33,14
29,29.0,297,75,32224.186469535478,10478.327548995934,0,17,32,14
29,29.0,297,76,32025.266306274818,10420.514152564749,0,17,33,14
29,29.0,297,76,32270.07598289001,10220.597989887008,0,17,35,15
29,29.0,297,76,32802.509128455924,9984.553774627631,0,17,38,12
29,29.0,297,76,32910.0114570051,9967.358754705054,0,17,38,12
29,29.0,297,76,33016.22337782716,9983.12768195097,0,16,38,12
29,29.0,297,77,32175.06234562978,9921.020989992874,0,16,36,12
29,29.0,297,77,32211.649410924074,9824.196857855306,0,16,36,12
29,29.0,297,77,32243.60397231873,10563.417602084992,0,16,33,16
29,29.0,297,77,32346.674024935517,9759.99304522428,0,16,36,12
29,29.0,297,77,32505.87873846153,9749.450137994843,0,16,36,12
29,29.0,297,78,32211.649410924074,9792.183782211758,0,16,36,12
29,29.0,297,78,32289.844679882994,9731.15844724894,0,16,36,12
29,29.0,297,78,32305.441219901524,10498.392316467935,0,16,33,16
29,29.0,297,79,32017.379951159626,10422.081545364434,0,17,33,14
29,29.0,297,79,32142.332580146533,9874.064120340858,0,16,34,12
29,29.0,297,79,32204.218206950205,9808.953048604046,0,16,36,12
29,29.0,297,79,32211.649410924074,9743.272514831484,0,16,36,12
29,29.0,297,79,32279.7526553054,10498.392316467935,0,16,33,16
29,29.0,297,79,32305.441219901524,10455.574823862848,0,16,33,16
29,29.0,297,80,32017.379951159626,10389.327393898464,0,17,33,15
29,29.0,297,80,32158.835680165303,9783.396985647354,0,16,37,12
29,29.0,297,80,32180.925870090276,9808.953048604046,0,16,36,12
29,29.0,297,80,32187.27957501351,9783.396985647354,0,16,36,12
29,29.0,297,80,32211.605129863452,9743.272514831484,0,16,36,12
29,29.0,297,80,32215.741874575815,10598.500213521082,0,17,32,15
29,29.0,297,80,32248.007217129827,10455.574823862848,0,16,33,16
29,29.0,297,81,32165.285247131596,10455.574823862848,0,16,33,16
29,29.0,297,81,32167.948830551064,9809.62061302769,0,16,36,12
29,29.0,297,81,32173.099840537987,9761.332584109741,0,16,36,12
29,29.0,297,81,32233.724937916937,10432.326575698922,0,17,32,14
29,29.0,297,82,32077.074592495163,9809.62061302769,0,16,36,12
29,29.0,297,82,32100.947721027005,9761.332584109741,0,16,36,12
29,29.0,297,82,32113.208840279724,10623.67957014511,0,17,32,15
29,29.0,297,82,32233.724937916937,10409.90016882773,0,17,32,14
29,29.0,297,82,32326.22298879491,10446.31796083338,0,16,33,16
29,29.0,297,83,32173.099840537987,9750.667289847672,0,16,36,12
29,29.0,297,83,32215.011760911886,10409.90016882773,0,17,32,14
29,29.0,297,83,32326.22298879491,10401.127411839187,0,16,33,17
29,29.0,297,84,32022.14759207195,9809.62061302769,0,16,36,12
29,29.0,297,84,32100.947721027005,9736.96822160818,0,16,36,12
29,29.0,297,84,32298.031208208133,10423.02002199176,0,16,33,16
29,29.0,297,84,32326.22298879491,10389.42401188181,0,16,33,18
29,29.0,297,85,32049.2984399589,9792.546087827448,0,16,36,12
29,29.0,297,85,32138.607176807294,9679.540005546736,0,16,36,12
29,29.0,297,86,32286.905584348486,10423.02002199176,0,16,33,16
29,29.0,297,86,32326.22298879491,10293.742845537803,0,16,33,18
29,29.0,297,87,32022.14759207195,9730.842125760959,0,16,36,12
29,29.0,297,87,32166.167984773925,10579.569544606722,0,17,32,16
29,29.0,297,87,32242.58429646698,9647.649940421841,0,16,36,12
29,29.0,297,88,32166.167984773925,10560.15072578111,0,17,32,16
29,29.0,297,89,32148.97209415289,10560.15072578111,0,17,32,16
29,29.0,297,89,32190.534947097178,9647.649940421841,0,16,36,12
29,29.0,297,90,31966.809720278674,9647.649940421841,0,16,37,13
29,29.0,297,90,31968.266583494038,9736.257995695569,0,16,36,13
29,29.0,297,90,32118.890542751637,9647.649940421841,0,16,37,12
29,29.0,297,90,32148.97209415289,10560.15072578111,0,17,32,15
29,29.0,297,90,32190.534947097178,9601.24950938936,0,16,36,12
29,29.0,297,91,31953.280365915976,9647.649940421841,0,16,38,13
29,29.0,297,91,31956.810252985815,9790.214055065935,0,16,36,12
29,29.0,297,91,31966.809720278674,9572.47015590499,0,17,37,13
29,29.0,297,91,32084.58849389378,10642.994082260451,0,17,32,15
29,29.0,297,91,32118.890542751637,9644.527648369452,0,17,37,12
29,29.0,297,91,32138.647342017543,10560.15072578111,0,17,32,16
29,29.0,297,91,32292.126010157677,10413.800477534467,0,16,33,17
29,29.0,297,92,31809.558661433104,9647.649940421841,0,16,38,13
29,29.0,297,92,31968.266583494038,9732.927289868974,0,16,36,15
29,29.0,297,92,32039.774030127584,9644.527648369452,0,17,37,12
29,29.0,297,92,32122.815687650258,10560.15072578111,0,17,32,16
29,29.0,297,93,31832.9951358737,10523.69617990996,0,17,35,14
29,29.0,297,93,31970.008762332094,9644.527648369452,0,17,37,12
29,29.0,297,93,32111.717373197138,9685.34331216969,0,16,36,15
29,29.0,297,95,31766.677006244838,9680.072470047655,0,16,38,13
29,29.0,297,96,31673.75876214491,10523.776879680076,0,17,35,14
29,29.0,297,96,31724.73839662129,9680.072470047655,0,16,38,14
29,29.0,297,97,31673.75876214491,10518.580014938703,0,17,35,14
29,29.0,297,97,31892.7224064848,9874.000584239155,0,16,37,13
29,29.0,297,97,31935.114563369574,9772.901396487174,0,16,37,13
29,29.0,297,97,31952.241152039052,9874.000584239155,0,16,37,12
29,29.0,297,97,32009.229642260292,10501.322046732708,0,17,33,16
29,29.0,297,97,32155.485575932944,9666.12949924185,0,16,36,12
29,29.0,297,98,31660.48047114264,9680.072470047655,0,16,38,15
29,29.0,297,98,31884.4162092011,9772.901396487174,0,16,37,13
29,29.0,297,98,32142.86547647686,10535.120269515424,0,17,32,16
29,29.0,297,99,31663.715611302414,10518.580014938703,0,17,35,15
29,29.0,297,99,31851.73165337846,9772.901396487174,0,16,37,13
29,29.0,297,99,32024.91308402322,10324.085620735994,0,16,34,12
29,29.0,297,99,32123.835174209562,9704.717062005,0,16,36,12
29,29.0,297,99,32127.627207509857,10197.771197323005,0,16,34,12
29,29.0,297,100,31630.817514068,9797.29532918551,0,16,38,15
29,29.0,297,100,31861.222539881262,9772.901396487174,0,16,37,12
29,29.0,297,100,32082.16383702613,10212.398736498631,0,16,34,12
29,29.0,297,101,31692.306968730525,10503.449655654897,0,17,35,15
29,29.0,297,101,31817.362588986645,9772.901396487174,0,16,37,13
29,29.0,297,101,32050.239703355084,10212.398736498631,0,16,35,12
29,29.0,297,102,31517.5350912267,9832.722728801273,0,16,37,15
29,29.0,297,102,32015.569843381923,10212.398736498631,0,16,35,12
29,29.0,297,102,32112.64575765313,10208.695838943093,0,16,34,12
29,29.0,297,103,31817.362588986645,9772.62916460053,0,16,37,13
29,29.0,297,103,32067.6671738869,10279.724002371411,0,16,34,12
29,29.0,297,104,31530.42823422155,9785.727421903406,0,16,37,16
29,29.0,297,104,31802.461669150496,10067.391046013938,0,16,37,13
29,29.0,297,104,32001.176120513275,10212.398736498631,0,16,35,12
29,29.0,297,104,32115.35520475585,10162.927042685853,0,16,34,12
29,29.0,297,105,31898.461997026632,10311.446589859803,0,16,35,12
29,29.0,297,105,32115.35520475585,10119.981898508333,0,16,34,12
29,29.0,297,106,31939.22676161186,10119.981898508333,0,16,34,12
29,29.0,297,106,31949.75350466407,10471.57228296335,0,17,33,16
29,29.0,297,106,32092.233624900986,10119.326338910085,0,16,35,12
29,29.0,297,107,31772.476309721787,10478.937506463533,0,16,35,13
29,29.0,297,107,31822.2085059517,10311.446589859803,0,16,35,12
29,29.0,297,107,31928.91588516859,10119.981898508333,0,16,35,12
29,29.0,297,107,32061.156279075203,10110.621256681055,0,16,34,12
29,29.0,297,107,32088.43071252622,9646.53887862948,0,16,37,16
29,29.0,297,108,31532.807834225732,10311.446589859803,0,16,35,13
29,29.0,297,108,31928.91588516859,10073.70079780713,0,16,35,12
29,29.0,297,108,32036.680307043367,9646.53887862948,0,16,37,16
29,29.0,297,109,31516.04867285239,10044.33119643687,0,16,37,16
29,29.0,297,109,31917.120050271817,10192.087197850886,0,16,35,12
29,29.0,297,109,32049.672454811272,10110.621256681055,0,16,34,12
29,29.0,297,110,31516.04867285239,9989.50068967962,0,16,37,16
29,29.0,297,110,31838.948117916563,10192.087197850886,0,16,35,13
29,29.0,297,110,31857.28417586429,10192.087197850886,0,16,35,12
29,29.0,297,110,31890.683096481476,10073.70079780713,0,16,35,12
29,29.0,297,110,31990.861988481647,10110.621256681055,0,16,34,12
29,29.0,297,110,31994.864051983714,9646.53887862948,0,16,37,16
29,29.0,297,110,32049.672454811272,10037.3210031242,0,16,34,12
29,29.0,297,110,32074.129784982477,9580.177414013398,0,16,37,16
29,29.0,297,111,31513.94594702953,10413.22553869438,0,16,35,13
29,29.0,297,111,31516.04867285239,9963.378376494495,0,16,37,16
29,29.0,297,111,31774.102750542883,10192.087197850886,0,16,35,13
29,29.0,297,111,31838.948117916563,10184.58515708803,0,16,35,13
29,29.0,297,111,31982.177120489116,9646.53887862948,0,16,37,16
29,29.0,297,111,31990.861988481647,10068.419360989037,0,16,34,12
29,29.0,297,111,32049.672454811272,10003.306300420809,0,16,34,12
29,29.0,297,112,31503.65243979865,10687.294080571872,0,17,35,15
29,29.0,297,112,31516.04867285239,9889.704638734103,0,16,37,16
29,29.0,297,112,31713.99821183954,10192.087197850886,0,16,36,13
29,29.0,297,112,31838.948117916563,10159.339773925207,0,16,35,13
29,29.0,297,112,31957.167392996744,9982.85369862058,0,17,34,12
29,29.0,297,112,31959.037319505343,10068.419360989037,0,16,34,12
29,29.0,297,113,31513.94594702953,10366.738981497701,0,16,35,13
29,29.0,297,113,31604.431194925804,10002.458617680602,0,17,36,16
29,29.0,297,113,31713.99821183954,10182.439246306161,0,16,36,13
29,29.0,297,113,31931.59610109692,10068.419360989037,0,16,34,12
29,29.0,297,113,31931.62695340483,9718.967521038148,0,16,36,17
29,29.0,297,113,32049.672454811272,9935.377227803767,0,16,34,12
29,29.0,297,114,31411.33786790493,10002.458617680602,0,17,36,16
29,29.0,297,114,31495.155033631032,10687.294080571872,0,17,35,15
29,29.0,297,114,31713.99821183954,10133.20079342672,0,16,36,13
29,29.0,297,114,31813.757154649244,10016.09383373359,0,16,36,13
29,29.0,297,114,31838.948117916563,10107.863712573699,0,16,35,13
29,29.0,297,114,31853.865388604812,10238.930904543635,0,16,34,12
29,29.0,297,114,31925.918019285433,10103.923612688333,0,17,34,12
29,29.0,297,114,32049.672454811272,9852.082570111932,0,16,34,12
29,29.0,297,114,32327.802385786632,9552.52342601286,0,17,39,14
29,29.0,297,115,31411.33786790493,9942.968628592687,0,17,36,16
29,29.0,297,115,31513.249091085683,10366.738981497701,0,16,35,13
29,29.0,297,115,31650.520987952925,10109.708145403816,0,16,34,12
29,29.0,297,115,31694.176271159817,10016.09383373359,0,16,36,13
29,29.0,297,115,31738.18899029678,9982.357694738956,0,16,34,12
29,29.0,297,115,32049.664928843544,9852.082570111932,0,16,34,12
29,29.0,297,115,32049.672454811272,9851.011853614713,0,16,34,12
29,29.0,297,116,31494.71923919232,10366.738981497701,0,16,36,13
29,29.0,297,116,31816.27516126722,9967.41847554857,0,16,35,12
29,29.0,297,116,31821.5170317701,9789.42810485132,0,16,35,12
29,29.0,297,116,31901.399628278494,9762.902950037049,0,16,35,12
29,29.0,297,116,31976.88757535864,9720.197947205826,0,16,35,12
29,29.0,297,116,32049.664928843544,9761.506136836257,0,16,34,12
29,29.0,297,116,32056.042513073808,9639.94761945388,0,16,35,12
29,29.0,297,116,32145.996933904025,9595.307655355378,0,16,35,12
29,29.0,297,117,31454.97233784,9932.439663989791,0,17,36,16
29,29.0,297,117,31694.176271159817,9953.58868132771,0,16,36,13
29,29.0,297,117,32056.042513073808,9614.05415568232,0,16,35,12
29,29.0,297,117,32105.914646439247,9595.307655355378,0,16,35,12
29,29.0,297,117,32331.434764769663,9565.981460197741,0,17,35,12
29,29.0,297,117,32767.868804677106,9507.341669746895,0,17,35,12
29,29.0,297,118,31392.709862897056,10821.106687768857,0,17,35,15
29,29.0,297,118,31404.953807003003,10096.910877977773,0,17,36,17
29,29.0,297,118,31408.346291545582,10096.910877977773,0,17,36,16
29,29.0,297,118,31447.507895380197,10366.738981497701,0,16,36,13
29,29.0,297,118,31454.97233784,9895.270759824032,0,17,36,16
29,29.0,297,118,31694.176271159817,9921.711117344481,0,16,36,13
29,29.0,297,118,32011.942254122656,9595.307655355378,0,16,35,12
29,29.0,297,118,32142.97686274279,9734.662639835298,0,16,34,12
29,29.0,297,118,32763.40491059599,9562.770890916157,0,17,36,12
29,29.0,297,119,31392.709862897056,10788.926298354736,0,17,35,15
29,29.0,297,119,31395.368242898014,10366.738981497701,0,16,36,13
29,29.0,297,119,31404.953807003003,9987.096000046215,0,17,36,17
29,29.0,297,119,31659.64592995632,9937.04509446017,0,16,37,14
29,29.0,297,119,31694.176271159817,9856.134920513214,0,16,36,14
29,29.0,297,119,32069.605071521873,9759.136510863562,0,16,34,12
29,29.0,297,119,32760.4707781439,9522.940836583275,0,17,37,12
29,29.0,297,119,32813.82018764212,9483.912207666368,0,17,36,12
29,29.0,297,119,32830.70063988024,9483.912207666368,0,17,35,12
29,29.0,297,120,31598.082944487192,9856.134920513214,0,16,36,14
29,29.0,297,120,32072.66014534514,9694.822993184447,0,16,34,14
29,29.0,297,120,32804.517634913995,9483.912207666368,0,17,36,12
29,29.0,297,120,32830.70063988024,9447.481785974105,0,17,35,12
29,29.0,297,121,31335.31867915838,9987.096000046215,0,17,36,17
29,29.0,297,121,31385.370858852464,10795.648724337709,0,17,36,15
29,29.0,297,121,31395.368242898014,10361.028993732198,0,16,36,13
29,29.0,297,121,31527.320368474262,9902.961950847783,0,16,37,14
29,29.0,297,121,32069.605071521873,9694.822993184447,0,16,34,12
29,29.0,297,121,32747.058455547995,9483.912207666368,0,17,36,12
29,29.0,297,121,32804.517634913995,9466.649531164736,0,17,36,12
29,29.0,297,121,32812.22763504963,9447.481785974105,0,17,35,12
29,29.0,297,121,32830.70063988024,9380.982355520642,0,17,35,12
29,29.0,297,122,31385.370858852464,10792.920432078578,0,17,36,15
29,29.0,297,122,31395.368242898014,10292.90188021296,0,16,36,13
29,29.0,297,122,31396.601084977487,10241.95064467759,0,16,37,13
29,29.0,297,122,31689.135438625344,10096.988556435694,0,16,36,13
29,29.0,297,122,32405.035785794254,10018.708359866001,0,17,33,12
29,29.0,297,122,32573.673234281705,9991.108435902981,0,17,33,12
29,29.0,297,122,32583.837235765113,9789.974673079143,0,17,33,12
29,29.0,297,122,32747.058455547995,9429.628072393929,0,17,36,12
29,29.0,297,122,32790.248653897776,9447.481785974105,0,17,35,12
29,29.0,297,122,32822.65687775619,9380.982355520642,0,17,35,12
29,29.0,297,123,31295.72133244332,9987.096000046215,0,17,36,17
29,29.0,297,123,32339.973983163047,9556.71169837784,0,16,35,15
29,29.0,297,123,32790.248653897776,9372.435002051616,0,17,35,12
29,29.0,297,123,32822.65687775619,9337.416313699057,0,17,35,12
29,29.0,297,124,31307.627297076815,10376.93706690877,0,16,37,13
29,29.0,297,124,31356.003045252033,10241.95064467759,0,16,37,13
29,29.0,297,124,31579.84212400843,10310.893217317813,0,16,35,16
29,29.0,297,124,32045.91918663549,9864.435189332258,0,16,34,16
29,29.0,297,124,32723.725724429874,9447.481785974105,0,17,35,12
29,29.0,297,124,32728.718269219837,9372.435002051616,0,17,35,13
29,29.0,297,124,32748.919041584944,9380.982355520642,0,17,35,12
29,29.0,297,124,32751.18765247196,9337.416313699057,0,17,35,12
29,29.0,297,125,31264.63187674656,10376.93706690877,0,16,37,13
29,29.0,297,125,31324.09036121303,10241.95064467759,0,16,37,15
29,29.0,297,125,31333.035656302785,10359.214972070089,0,16,37,13
29,29.0,297,125,32339.973983163047,9380.752768943225,0,16,35,15
29,29.0,297,125,32626.18543834762,9372.435002051616,0,17,35,13
29,29.0,297,126,31264.63187674656,10372.243074621822,0,16,37,13
29,29.0,297,126,31295.72133244332,9954.210805210052,0,17,36,17
29,29.0,297,126,32016.328272153503,9527.525122783996,0,16,35,14
29,29.0,297,126,32608.70193463924,9354.906595005685,0,17,35,12
29,29.0,297,127,31303.081610687153,10331.970910507269,0,16,38,15
29,29.0,297,127,31334.311774395777,10723.690897059007,0,17,36,16
29,29.0,297,127,32016.230126630046,9525.269426093677,0,16,35,15
29,29.0,297,127,32016.230126630046,9527.525122783996,0,16,35,14
29,29.0,297,127,32599.361424453033,9354.906595005685,0,17,35,12
29,29.0,297,128,31250.251877508923,10331.970910507269,0,16,38,15
29,29.0,297,128,31264.63187674656,10312.22245256962,0,16,37,13
29,29.0,297,128,31275.71475072749,10275.013119138677,0,17,36,18
29,29.0,297,128,31284.961433903998,10044.396280280907,0,17,36,18
29,29.0,297,128,31619.435073593424,10208.440021459579,0,16,35,15
29,29.0,297,128,31938.572111677287,9525.269426093677,0,16,35,15
29,29.0,297,128,32016.230126630046,9428.01751889794,0,16,35,14
29,29.0,297,128,32152.51268482618,9689.962133200286,0,16,34,13
29,29.0,297,129,31264.63187674656,10218.677742439018,0,16,37,13
29,29.0,297,129,31553.399910101063,10208.440021459579,0,16,35,15
29,29.0,297,129,31595.536948129393,10208.440021459579,0,16,34,15
29,29.0,297,129,31815.31403049255,9525.269426093677,0,16,35,15
29,29.0,297,129,32005.96954128484,9435.315121312371,0,16,35,14
29,29.0,297,129,32550.78904776631,9474.258801209777,0,17,37,13
29,29.0,297,129,32575.878589092255,9354.906595005685,0,17,35,12
29,29.0,297,130,31289.689733114665,10182.117919162472,0,16,38,17
29,29.0,297,130,31534.940817125498,10281.943440075216,0,16,34,16
29,29.0,297,130,32002.0888993151,9511.390262619381,0,16,35,15
29,29.0,297,130,32575.878589092255,9269.144634152575,0,17,35,13
29,29.0,297,131,31395.56240510594,10218.817634945812,0,16,35,17
29,29.0,297,131,31491.157985182606,10281.943440075216,0,16,34,16
29,29.0,297,131,31574.94199600214,10132.06649109064,0,16,34,16
29,29.0,297,131,31574.94199600214,10208.440021459579,0,16,34,15
29,29.0,297,131,31965.11180299117,9435.315121312371,0,16,35,14
29,29.0,297,131,32538.584524914204,9269.144634152575,0,17,35,13
29,29.0,297,131,32575.878589092255,9266.368925716844,0,17,35,14
29,29.0,297,132,31304.55769782024,10326.695538135116,0,16,36,13
29,29.0,297,132,31393.76798723933,10218.817634945812,0,16,35,17
29,29.0,297,132,31491.157985182606,10084.90375103385,0,16,34,16
29,29.0,297,132,31574.94199600214,10194.414921194933,0,16,34,15
29,29.0,297,132,31939.844259028872,9473.90268407552,0,16,35,14
29,29.0,297,132,32119.117153333358,9407.003607868402,0,17,35,15
29,29.0,297,132,32575.878589092255,9258.799870363397,0,17,35,14
29,29.0,297,133,31466.152918214982,10084.90375103385,0,16,34,16
29,29.0,297,133,31574.94199600214,10176.759657946184,0,16,34,15
29,29.0,297,133,31756.59602009473,9705.019258375307,0,16,37,18
29,29.0,297,133,31802.47037570654,9638.658071555714,0,16,35,15
29,29.0,297,133,31847.63414925233,9400.488526928772,0,16,35,14
29,29.0,297,133,31939.844259028872,9381.766149505253,0,16,35,14
29,29.0,297,133,32119.117153333358,9354.534569379022,0,17,35,15
29,29.0,297,133,32567.642355850145,9217.77445257259,0,17,35,15
29,29.0,297,133,32567.642355850145,9266.368925716844,0,17,35,14
29,29.0,297,134,31465.729280035048,10036.68154481024,0,16,34,17
29,29.0,297,134,31466.152918214982,10036.68154481024,0,16,34,16
29,29.0,297,134,31723.593094577278,9735.018947171126,0,16,37,18
29,29.0,297,135,31244.71811750731,10352.94434763193,0,16,36,13
29,29.0,297,135,31410.936854771415,10210.38357503314,0,16,35,17
29,29.0,297,135,31487.38478083912,10400.855068530538,0,16,34,15
29,29.0,297,135,31723.33997522526,9735.018947171126,0,16,37,18
29,29.0,297,135,31756.59602009473,9677.025018571647,0,16,37,18
29,29.0,297,136,31163.430826835287,10352.94434763193,0,16,36,13
29,29.0,297,136,31263.85738765974,10244.774186497323,0,17,35,17
29,29.0,297,136,31263.85738765974,10316.201719313418,0,16,35,17
29,29.0,297,136,31270.43045470581,10238.45561818097,0,17,35,17
29,29.0,297,136,31487.38478083912,10380.863203342788,0,16,34,15
29,29.0,297,136,31698.031789809524,9677.025018571647,0,16,37,18
29,29.0,297,137,31093.168811185486,10352.94434763193,0,16,36,15
29,29.0,297,137,31266.619428290196,10238.45561818097,0,17,35,17
29,29.0,297,137,31304.46084119057,10210.38357503314,0,16,35,17
29,29.0,297,137,31466.992195471612,10380.863203342788,0,16,34,15
29,29.0,297,137,31896.159188352616,9330.294242437456,0,16,35,14
29,29.0,297,137,32076.016481790244,9462.442295782734,0,17,34,15
29,29.0,297,137,32767.326553223833,9252.512625179837,0,17,36,14
29,29.0,297,138,31466.992195471612,10349.825373028823,0,16,34,15
29,29.0,297,138,31934.183484182835,9276.464035533727,0,16,35,14
29,29.0,297,139,31092.84229939612,10405.901823211525,0,16,36,15
29,29.0,297,139,31229.45416204694,10325.581446893075,0,17,36,18
29,29.0,297,139,31403.045383192322,10349.825373028823,0,16,34,15
29,29.0,297,139,31733.711764650256,9984.307400206637,0,16,34,18
29,29.0,297,139,31934.183484182835,9237.958073548201,0,16,35,14
29,29.0,297,139,32750.343581481447,9189.441262226406,0,17,36,16
29,29.0,297,140,31056.34231594516,10389.228421556081,0,16,37,16
29,29.0,297,140,31403.045383192322,10313.57623510804,0,16,34,15
29,29.0,297,140,32057.270858458865,9605.731285593967,0,17,34,16
29,29.0,297,140,32717.542339405372,9189.441262226406,0,17,36,16
29,29.0,297,141,31307.106351560262,10313.57623510804,0,16,34,15
29,29.0,297,142,31230.809785440713,10313.57623510804,0,16,35,15
29,29.0,297,142,31417.38597481956,10167.746576007701,0,16,34,17
29,29.0,297,142,31836.168277378285,9603.843182027298,0,16,35,14
29,29.0,297,142,31845.395210803068,9258.33194716767,0,16,36,16
29,29.0,297,142,32057.270858458865,9584.741420867334,0,17,34,16
29,29.0,297,142,32616.206958005805,9208.677525368925,0,17,35,16
29,29.0,297,143,31435.07329246287,10132.011439237289,0,16,35,17
29,29.0,297,143,32597.585002428805,9208.677525368925,0,17,35,16
29,29.0,297,144,31841.719130029745,9258.33194716767,0,16,36,16
29,29.0,297,144,32616.206958005805,9123.058746417395,0,17,35,16
29,29.0,297,145,31195.05353169555,10240.472838943719,0,17,36,19
29,29.0,297,145,31326.433992828737,10177.16496739727,0,16,36,16
29,29.0,297,145,31432.901948506373,10169.057166924338,0,16,36,16
29,29.0,297,145,32616.206958005805,9041.099823820554,0,17,35,16
29,29.0,297,146,31310.123441619726,10169.057166924338,0,16,36,16
29,29.0,297,146,31776.489809008617,9679.043198717029,0,16,36,15
29,29.0,297,146,31910.80680605492,10206.11988829689,0,17,33,12
29,29.0,297,146,32345.343617653845,9423.387493018305,0,17,34,17
29,29.0,297,147,31024.63869378747,10455.251632900763,0,16,37,16
29,29.0,297,147,31326.433992828737,10048.780138091935,0,16,36,16
29,29.0,297,147,31938.3774379741,10145.560787405966,0,17,33,12
29,29.0,297,147,32011.39378700467,10144.973708179134,0,17,33,12
29,29.0,297,147,32075.03210030303,9983.765764336915,0,17,33,12
29,29.0,297,147,32220.380577801632,9900.818833577334,0,17,33,12
29,29.0,297,147,32268.601863615586,9423.387493018305,0,17,34,17
29,29.0,297,147,32294.28151532348,9834.734174838408,0,17,33,12
29,29.0,297,148,31075.005835609187,10299.113304643623,0,17,36,19
29,29.0,297,148,31078.466963192594,10359.215433843228,0,16,37,16
29,29.0,297,148,31938.3774379741,10113.644707083668,0,17,33,12
29,29.0,297,148,32210.275751998226,9900.818833577334,0,17,33,12
29,29.0,297,148,32353.373617893983,9832.96499692053,0,17,33,12
29,29.0,297,149,31063.201283374026,10359.215433843228,0,16,37,16
29,29.0,297,149,31179.438614500308,10232.024085505827,0,16,36,16
29,29.0,297,149,31302.77547380307,10122.24277553758,0,16,36,17
29,29.0,297,149,32155.580815026788,9421.736131287496,0,17,34,19
29,29.0,297,149,32218.63349739404,9323.108216784975,0,17,34,17
29,29.0,297,149,32442.62309567836,9206.406374238797,0,17,38,16
29,29.0,297,150,31302.77547380307,10057.239156026315,0,16,36,17
29,29.0,297,150,31303.14319350555,10057.239156026315,0,16,35,19
29,29.0,297,150,31896.45502470863,9258.163005333066,0,16,37,15
29,29.0,297,150,31899.160966322535,10113.337589142227,0,17,33,12
29,29.0,297,150,32442.62309567836,9158.592085970538,0,17,38,16
29,29.0,297,151,31098.11444416288,10272.778997854972,0,17,36,19
29,29.0,297,151,31266.150591648195,10089.20078059915,0,16,36,17
29,29.0,297,151,31303.14319350555,10013.461677661568,0,16,35,19
29,29.0,297,151,31678.189591109058,9851.04323958491,0,16,36,16
29,29.0,297,151,31899.160966322535,10109.852876522327,0,17,33,12
29,29.0,297,152,31111.672490724177,10347.656752853873,0,17,35,19
29,29.0,297,152,31295.32763065187,10074.677901623616,0,16,36,17
29,29.0,297,152,31820.067114463578,9304.03665729877,0,16,37,16
29,29.0,297,152,31899.160966322535,10054.673917223363,0,17,33,12
29,29.0,297,153,28667.06838731759,7962.946253247628,0,14,28,12
29,29.0,297,153,28729.221207014845,7962.946253247628,0,14,27,12
29,29.0,297,154,28569.868089432723,7962.946253247628,0,14,28,12
29,29.0,297,154,28670.69898857007,7962.946253247628,0,14,27,12
29,29.0,297,155,28511.46576162027,7962.946253247628,0,14,28,12
29,29.0,297,155,28651.455600946858,7930.203781944387,0,14,27,12
29,29.0,297,156,28271.159001759228,7962.946253247628,0,14,28,12
29,29.0,297,156,28485.299207440454,7930.203781944387,0,14,31,13
29,29.0,297,156,28517.483250515517,7930.203781944387,0,14,30,13
29,29.0,297,156,28591.62119388229,7930.203781944387,0,14,28,12
29,29.0,297,156,28617.80483880997,7944.223875824107,0,15,27,12
29,29.0,297,156,28627.119763967334,7962.946253247628,0,14,27,12
29,29.0,297,156,28651.455600946858,7903.495390239987,0,14,27,12
29,29.0,297,157,28265.369391094046,7962.946253247628,0,14,28,12
29,29.0,297,157,28559.952486622107,7930.203781944387,0,14,28,12
29,29.0,297,157,28617.80483880997,7962.946253247628,0,14,27,12
29,29.0,297,157,28627.119763967334,7889.597769964061,0,15,27,12
29,29.0,297,158,28064.462693359255,7962.946253247628,0,14,28,12
29,29.0,297,158,28554.64341757227,7962.946253247628,0,14,27,12
29,29.0,297,158,28562.859351392442,7889.597769964061,0,15,27,12
29,29.0,297,158,28617.80483880997,7940.855531213254,0,14,27,12
29,29.0,297,159,28536.308489640698,7889.597769964061,0,15,27,12
29,29.0,297,159,28554.64341757227,7950.431017238798,0,14,27,12
29,29.0,297,159,28640.19022667938,7837.719555398993,0,14,28,13
29,29.0,297,160,28554.64341757227,7767.073443083815,0,15,27,12
29,29.0,297,160,28640.19022667938,7800.129663140569,0,14,28,13
29,29.0,297,160,28669.46936536642,7699.742657371391,0,15,27,12
29,29.0,297,161,28513.92143209832,7834.093946162138,0,14,29,13
29,29.0,297,161,28577.329603435974,7834.093946162138,0,14,28,13
29,29.0,297,162,28573.399314451523,7834.093946162138,0,14,28,13
29,29.0,297,162,28621.69235992447,7699.742657371391,0,15,27,12
29,29.0,297,163,28325.222897655425,7962.946253247628,0,14,27,12
29,29.0,297,164,28643.928784206728,7717.387752725677,0,14,29,13
29,29.0,297,165,28489.96663634993,7922.621278965118,0,15,27,12
29,29.0,297,166,28038.31154788176,8094.533152197904,0,14,30,14
29,29.0,297,167,28557.749865654834,7664.0402909579625,0,15,28,12
29,29.0,297,167,28702.785595631667,7476.004868726137,0,14,29,13
29,29.0,297,168,28490.148197223214,7664.0402909579625,0,15,28,12
29,29.0,297,168,28624.703687813097,7737.9144781002615,0,14,29,13
29,29.0,297,171,32133.80455262271,5474.334825284527,0,14,29,12
29,29.0,297,172,32133.80455262271,5451.615779767935,0,14,29,12
29,29.0,297,173,32074.515391374433,5451.615779767935,0,14,30,12
29,29.0,297,173,32133.80455262271,5396.210026138257,0,14,29,12
29,29.0,297,174,28559.610374246367,7585.044415600526,0,16,28,14
29,29.0,297,174,32053.506640848555,5451.615779767935,0,14,31,12
29,29.0,297,174,32076.37054985101,5396.210026138257,0,14,29,12
29,29.0,297,177,32133.80455262271,5378.251517041292,0,14,29,12
29,29.0,297,186,32041.07855207839,5939.5980222429225,0,14,33,13
29,29.0,297,188,32133.80455262271,6460.536332941734,0,13,29,12
29,29.0,297,189,32007.955709631147,5945.953685702911,0,14,33,13
29,29.0,297,190,32007.955709631147,5910.562354107279,0,14,33,13
29,29.0,297,191,31974.660977886822,5844.0228826240555,0,14,33,12
29,29.0,297,239,27462.87708772608,7952.327006253709,0,14,38,13
29,29.0,297,239,27603.228586822323,7962.946253247628,0,14,38,12
29,29.0,297,240,27455.001642267383,7952.327006253709,0,14,38,13
29,29.0,297,240,27455.001642267383,7962.946253247628,0,14,38,12
29,29.0,297,240,27603.228586822323,7843.339124148093,0,14,38,12
29,29.0,297,240,32133.80455262271,5237.32786454902,0,17,29,12
29,29.0,297,241,27455.001642267383,7925.61861454931,0,14,38,13
29,29.0,297,241,32114.903672035558,5237.32786454902,0,17,29,12
29,29.0,297,241,32133.80455262271,5199.291070113534,0,17,29,12
29,29.0,297,242,27573.197262343772,7859.137927356402,0,15,38,12
29,29.0,297,242,32040.74710113411,5658.6832037329195,0,16,29,12
29,29.0,297,242,32071.148766003575,5654.945392218746,0,16,29,12
29,29.0,297,242,32110.90361395787,5237.32786454902,0,17,29,12
29,29.0,297,242,32133.80455262271,5109.915920945121,0,17,29,12
29,29.0,297,242,32133.80455262271,5356.785852254941,0,16,29,12
29,29.0,297,243,27405.5479066809,7962.946253247628,0,14,39,12
29,29.0,297,243,27411.3790395786,7962.946253247628,0,14,38,12
29,29.0,297,243,32133.80455262271,4860.562478005849,0,17,29,12
29,29.0,297,244,27118.883084775713,7962.946253247628,0,14,39,12
29,29.0,297,244,27405.5479066809,7939.899504674155,0,14,39,12
29,29.0,297,244,32114.732549536446,4755.393301511693,0,17,30,13
29,29.0,297,244,32133.80455262271,4790.361761343339,0,16,29,12
29,29.0,297,245,26994.365598074943,7919.857563487747,0,14,39,12
29,29.0,297,245,27629.349298954225,7834.888772981485,0,14,39,12
29,29.0,297,245,31928.813089546205,6347.61603448729,0,16,32,17
29,29.0,297,245,32017.340215784163,5884.371403901605,0,16,30,13
29,29.0,297,245,32114.732549536446,4647.353619040723,0,17,30,12
29,29.0,297,245,32133.80455262271,4647.353619040723,0,17,29,12
29,29.0,297,245,32133.80455262271,4684.060514449661,0,16,29,12
29,29.0,297,246,26922.48080473026,7962.946253247628,0,14,40,12
29,29.0,297,246,26994.365598074943,7844.571442588873,0,14,39,12
29,29.0,297,246,31735.861815802888,6064.902556634722,0,16,32,16
29,29.0,297,246,31743.458624253424,6375.662595937953,0,17,30,16
29,29.0,297,246,31751.625603112956,6036.966189858875,0,16,31,14
29,29.0,297,246,32133.80455262271,4596.468796417181,0,17,29,12
29,29.0,297,246,32133.80455262271,4622.488020079696,0,16,29,12
29,29.0,297,247,26310.196505416494,7841.4497508064305,0,15,38,12
29,29.0,297,247,26831.705074387635,7962.946253247628,0,14,39,12
29,29.0,297,247,26975.22308775006,7962.946253247628,0,14,38,12
29,29.0,297,247,31701.264186529905,6257.0727930551875,0,17,30,15
29,29.0,297,247,31713.826232029867,6036.966189858875,0,16,31,14
29,29.0,297,247,31730.328592340382,6257.0727930551875,0,17,30,14
29,29.0,297,247,31743.458624253424,6247.547440051923,0,17,30,16
29,29.0,297,247,31751.625603112956,5974.572655000596,0,16,31,13
29,29.0,297,247,31777.666440766916,5974.572655000596,0,16,30,13
29,29.0,297,247,32017.340215784163,5875.151859444312,0,16,30,13
29,29.0,297,247,32133.80455262271,4177.5324407143335,0,17,29,12
29,29.0,297,247,32133.80455262271,4606.290646006408,0,16,29,12
29,29.0,297,248,26329.518412953832,8057.7078299031,0,14,38,12
29,29.0,297,248,26343.684916008544,8011.9093218134285,0,14,38,12
29,29.0,297,248,26425.377453626745,7966.02904282561,0,14,38,12
29,29.0,297,248,26780.10939669472,7962.946253247628,0,14,39,12
29,29.0,297,248,27034.028123530043,7708.765669402452,0,14,39,12
29,29.0,297,248,31701.000488352503,6064.902556634722,0,16,32,15
29,29.0,297,248,31713.826232029867,6027.784306756843,0,16,31,15
29,29.0,297,248,31825.85086054175,5933.612603100441,0,16,31,14
29,29.0,297,248,31885.95539924509,5933.612603100441,0,16,30,14
29,29.0,297,248,31885.95539924509,5961.206200000525,0,16,30,13
29,29.0,297,248,32133.80455262271,4036.1319099206876,0,17,29,12
29,29.0,297,248,32133.80455262271,4099.602023197013,0,16,29,12
29,29.0,297,249,26116.520455265596,7981.294122252125,0,14,38,12
29,29.0,297,249,26329.518412953832,7962.946253247628,0,14,38,12
29,29.0,297,249,26613.861486898077,7834.900289151836,0,15,39,14
29,29.0,297,249,27003.456050305642,7708.765669402452,0,14,39,12
29,29.0,297,249,27033.284352971983,7616.667895270825,0,15,38,12
29,29.0,297,249,27036.131071499698,7708.765669402452,0,14,38,12
29,29.0,297,249,32133.80455262271,4788.61407074965,0,15,29,12
29,29.0,297,250,26298.604161468633,7962.946253247628,0,14,38,12
29,29.0,297,250,26613.861486898077,7751.595104011114,0,15,39,14
29,29.0,297,250,26720.177993880006,7690.513838058365,0,16,39,14
29,29.0,297,250,27207.117292852745,7594.687528790223,0,15,38,13
29,29.0,297,250,27234.460392668094,7577.424852288591,0,15,38,13
29,29.0,297,251,26239.95396373117,7962.946253247628,0,14,41,12
29,29.0,297,251,26715.67775545044,7690.513838058365,0,16,39,14
29,29.0,297,251,26720.177993880006,7673.251161556733,0,16,39,14
29,29.0,297,251,26853.45337343413,7749.609122387697,0,15,40,14
29,29.0,297,251,32133.80455262271,3977.7712669430985,0,17,29,12
29,29.0,297,252,25900.628006872725,8274.690753627323,0,16,40,12
29,29.0,297,252,25903.193224686525,8089.0890294974,0,16,40,12
29,29.0,297,252,26116.520455265596,7954.61663825022,0,14,38,12
29,29.0,297,252,26682.788541774997,7690.513838058365,0,16,39,14
29,29.0,297,252,26690.658618652327,7673.251161556733,0,16,39,14
29,29.0,297,253,25903.193224686525,7962.946253247628,0,15,40,12
29,29.0,297,253,25946.748140988886,7962.946253247628,0,14,40,12
29,29.0,297,253,26014.521353434746,7962.946253247628,0,14,39,12
29,29.0,297,253,26106.39019050175,8003.799153317869,0,14,38,12
29,29.0,297,253,26116.520455265596,7903.241819124402,0,14,38,12
29,29.0,297,253,26161.128839392706,7883.452361057678,0,15,41,13
29,29.0,297,253,32133.80455262271,3886.0968949425587,0,17,29,12
29,29.0,297,254,25849.3127589983,7926.068075418458,0,15,41,12
29,29.0,297,254,25849.3127589983,7962.946253247628,0,14,41,12
29,29.0,297,254,25899.54003046648,8360.149006793343,0,17,40,13
29,29.0,297,254,25899.54003046648,8430.058797495676,0,16,40,13
29,29.0,297,254,25900.628006872725,8241.1080175507,0,17,40,13
29,29.0,297,254,25903.193224686525,7962.946253247628,0,14,40,12
29,29.0,297,254,25929.950411475133,7774.01607734557,0,14,39,12
29,29.0,297,254,26003.20603676436,7717.74264817527,0,15,38,13
29,29.0,297,254,26032.161718210366,7609.668599486422,0,15,39,12
29,29.0,297,254,26032.161718210366,7669.0780003668115,0,14,39,12
29,29.0,297,254,26099.790399989437,7969.995096197516,0,14,38,12
29,29.0,297,254,32133.80455262271,3446.999156647343,0,17,29,12
29,29.0,297,255,25899.54003046648,8276.995504571716,0,17,40,13
29,29.0,297,255,26992.506291458434,7574.903881077474,0,16,38,14
29,29.0,297,255,32133.80455262271,3298.809314095407,0,17,29,12
29,29.0,297,256,25982.595346343052,7962.946253247628,0,14,38,12
29,29.0,297,256,26450.19298636538,7642.444319883725,0,14,39,12
29,29.0,297,256,26992.506291458434,7558.03729462452,0,16,38,14
29,29.0,297,256,32133.80455262271,1923.9466372148104,0,17,29,12
29,29.0,297,256,32133.80455262271,1924.6931497063392,0,16,29,12
29,29.0,297,257,25800.71632815311,7962.946253247628,0,14,38,12
29,29.0,297,257,25955.6953305519,7962.946253247628,0,14,37,12
29,29.0,297,257,26471.396454538342,7558.924164789369,0,14,39,12
29,29.0,297,257,26861.66077754308,7530.239013027394,0,14,40,13
29,29.0,297,257,27102.844368735427,7512.976336525762,0,15,40,13
29,29.0,297,258,25783.521604328434,7962.946253247628,0,14,38,12
29,29.0,297,258,26756.49964604985,7530.239013027394,0,14,40,12
29,29.0,297,258,26861.66077754308,7512.976336525762,0,15,40,13
29,29.0,297,258,32133.80455262271,1923.9466372148104,0,16,29,12
29,29.0,297,259,25560.438173985644,8008.553701398361,0,15,38,13
29,29.0,297,259,25560.438173985644,8069.282607201116,0,14,38,13
29,29.0,297,259,25563.840032460583,8008.553701398361,0,15,37,13
29,29.0,297,259,25563.840032460583,8156.17613878293,0,14,37,12
29,29.0,297,259,25614.326888686603,7962.946253247628,0,14,36,12
29,29.0,297,260,25433.733505918866,7962.946253247628,0,14,37,12
29,29.0,297,260,25571.73444146786,7962.946253247628,0,14,36,12
29,29.0,297,261,25389.93177948716,7960.960271624212,0,14,37,12
29,29.0,297,262,25319.763197778462,8117.901459836963,0,15,37,12
29,29.0,297,262,25324.759186382063,8121.37066608981,0,14,37,12
29,29.0,297,262,25351.899107214307,7960.960271624212,0,14,37,12
29,29.0,297,262,25398.842675102893,7962.946253247628,0,14,36,12
29,29.0,297,262,25750.351964311107,8434.549589180224,0,13,39,13
29,29.0,297,262,25812.73163921711,8199.136431012656,0,13,39,15
29,29.0,297,263,24780.472530861494,7962.946253247628,0,14,37,12
29,29.0,297,263,24858.167265534164,7962.946253247628,0,14,34,12
29,29.0,297,263,25260.453081808777,7960.960271624212,0,14,37,12
29,29.0,297,263,25723.85008525058,8430.587557896755,0,13,39,13
29,29.0,297,263,25729.22386681026,8199.136431012656,0,13,39,15
29,29.0,297,263,25776.178741642034,8257.735864107366,0,13,39,14
29,29.0,297,264,24641.08471151112,7962.946253247628,0,14,35,12
29,29.0,297,264,24703.20936192339,7962.946253247628,0,14,34,12
29,29.0,297,264,25730.32996652255,8146.63951886234,0,13,39,14
29,29.0,297,265,23394.19861593545,7962.946253247628,0,14,35,12
29,29.0,297,265,23897.166616801664,7893.257561157649,0,16,38,18
29,29.0,297,265,23992.538312096967,7861.351448890562,0,16,38,19
29,29.0,297,266,20839.01380228015,7962.946253247628,0,14,33,12
29,29.0,297,266,23394.19861593545,7959.437417477403,0,14,35,12
29,29.0,297,266,23755.992539158855,7813.828861043996,0,16,38,18
29,29.0,297,267,19998.01638546547,7962.946253247628,0,14,34,12
29,29.0,297,267,23365.921845180317,7833.482374539752,0,16,35,17
29,29.0,297,267,23366.40149197343,7832.807327110856,0,16,35,17
29,29.0,297,267,23366.40149197343,7916.101984802691,0,15,35,17
29,29.0,297,267,23366.40149197343,7959.437417477403,0,14,35,13
29,29.0,297,267,23369.435536026547,7959.437417477403,0,14,35,12
29,29.0,297,267,23755.992539158855,7782.6738557751505,0,16,38,18
29,29.0,297,267,24019.65423553334,7821.669470003829,0,17,37,20
29,29.0,297,267,24629.471284543506,7717.748863067155,0,17,37,21
29,29.0,297,268,15359.025410868528,7962.946253247628,0,14,33,12
29,29.0,297,268,20563.551338660523,7962.946253247628,0,14,32,12
29,29.0,297,268,23585.235281675195,7808.318192297194,0,17,38,18
29,29.0,297,268,23672.37553392216,7808.318192297194,0,17,37,18
29,29.0,297,268,23693.318997369654,7808.318192297194,0,17,36,18
29,29.0,297,268,23709.0216441796,7789.422018198163,0,17,38,18
29,29.0,297,269,20383.950636945076,7962.946253247628,0,14,32,12
29,29.0,297,269,20490.88010133747,7962.946253247628,0,14,31,12
29,29.0,297,270,14941.678276548222,7962.946253247628,0,14,34,12
29,29.0,297,270,14987.032898642685,7962.946253247628,0,14,33,12
29,29.0,297,270,15056.88025260971,7962.946253247628,0,14,32,12
29,29.0,297,270,15062.155043227556,7962.946253247628,0,14,31,12
29,29.0,297,271,14807.262971055014,7962.946253247628,0,14,33,12
29,29.0,297,272,14529.444071955448,7962.946253247628,0,14,32,12
29,29.0,297,273,12418.18787325387,7962.946253247628,0,14,32,12
29,29.0,297,274,11443.352362026895,7962.946253247628,0,14,31,12
29,29.0,297,275,11330.042654479916,7962.946253247628,0,14,31,12
29,29.0,297,276,11328.349043505294,7962.946253247628,0,14,31,12
29,29.0,297,276,11677.160703694448,7962.946253247628,0,14,30,12
29,29.0,297,277,11322.69549804142,7962.946253247628,0,14,31,12
29,29.0,297,277,11328.349043505294,7930.2337834862155,0,14,31,12
29,29.0,297,277,11651.071668400275,7962.946253247628,0,14,30,12
29,29.0,297,277,12031.301697530358,7837.144463944825,0,15,31,13
29,29.0,297,278,11462.180959091444,7901.733080558175,0,14,31,13
29,29.0,297,278,11937.857433125158,7819.113470295235,0,15,31,13
29,29.0,297,278,12251.194799838255,7774.630465512473,0,15,32,15
