Orders,Order Items,Driver Violation,Commute Distance,Transport Machines,Machines,Workers,Transport Attachments,Attachments
8,90,1,8519.06,1495.52,6,9,0.0,6.0
8,90,1,8519.06,1495.52,6,9,74.15,5.0
8,90,2,8380.57,1562.8,6,9,0.0,6.0
8,90,2,8380.57,1562.8,6,9,74.15,5.0
8,90,3,8346.93,1637.23,6,10,0.0,6.0
8,90,3,8346.93,1637.23,6,10,74.15,5.0
8,90,3,8449.94,1452.89,6,9,0.0,6.0
8,90,3,8449.94,1452.89,6,9,74.15,5.0
8,90,5,8318.71,1637.23,6,10,0.0,6.0
8,90,5,8318.71,1637.23,6,10,74.15,5.0
8,90,9,8318.71,1637.21,6,10,0.0,6.0
8,90,9,8318.71,1637.21,6,10,74.15,5.0
8,90,14,9228.37,2370.74,5,9,0.0,6.0
8,90,14,9228.37,2370.74,5,9,74.15,5.0
8,90,16,8688.47,1983.4,5,11,0.0,6.0
8,90,16,8688.47,1983.4,5,11,74.15,5.0
8,90,18,8658.91,2124.42,5,11,0.0,6.0
8,90,18,8658.91,2124.42,5,11,74.15,5.0
8,90,25,7012.2,2345.06,6,8,0.0,6.0
8,90,25,7012.2,2345.06,6,8,74.15,5.0
8,90,28,6984.93,2345.06,6,8,0.0,6.0
8,90,28,6984.93,2345.06,6,8,74.15,5.0
8,90,29,6924.13,2345.06,6,8,0.0,6.0
8,90,29,6924.13,2345.06,6,8,74.15,5.0
8,90,30,6855.0,2345.06,6,8,0.0,6.0
8,90,30,6855.0,2345.06,6,8,74.15,5.0
8,90,30,8855.79,1911.01,5,11,0.0,6.0
8,90,30,8855.79,1911.01,5,11,74.15,5.0
8,90,31,8855.79,1851.37,5,11,0.0,6.0
8,90,31,8855.79,1851.37,5,11,74.15,5.0
8,90,32,8518.13,2007.07,5,10,0.0,6.0
8,90,32,8518.13,2007.07,5,10,74.15,5.0
8,90,32,8747.1,1851.37,5,11,0.0,6.0
8,90,32,8747.1,1851.37,5,11,74.15,5.0
8,90,34,5676.88,2402.58,6,10,0.0,6.0
8,90,34,5676.88,2402.58,6,10,74.15,5.0
8,90,34,9015.43,1903.67,5,10,0.0,6.0
8,90,34,9015.43,1903.67,5,10,74.15,5.0
8,90,35,5656.83,2402.58,6,10,0.0,6.0
8,90,35,5656.83,2402.58,6,10,74.15,5.0
8,90,35,6734.52,2345.06,6,8,0.0,6.0
8,90,35,6734.52,2345.06,6,8,74.15,5.0
8,90,35,8760.77,1800.7,5,11,0.0,6.0
8,90,35,8760.77,1800.7,5,11,74.15,5.0
8,90,35,8888.99,2005.58,5,10,0.0,6.0
8,90,35,8888.99,2005.58,5,10,74.15,5.0
8,90,35,8995.71,1241.93,4,11,0.0,6.0
8,90,35,8995.71,1241.93,4,11,74.15,5.0
8,90,36,5650.38,2402.58,6,10,0.0,6.0
8,90,36,5650.38,2402.58,6,10,74.15,5.0
8,90,36,6714.47,2345.06,6,8,0.0,6.0
8,90,36,6714.47,2345.06,6,8,74.15,5.0
8,90,36,7047.35,1224.03,6,10,0.0,6.0
8,90,36,7047.35,1224.03,6,10,74.15,5.0
8,90,36,7143.52,1658.53,6,9,0.0,6.0
8,90,36,7143.52,1658.53,6,9,74.15,5.0
8,90,36,8718.52,1966.24,5,10,0.0,6.0
8,90,36,8718.52,1966.24,5,10,74.15,5.0
8,90,36,8995.71,1219.11,4,11,0.0,6.0
8,90,36,8995.71,1219.11,4,11,74.15,5.0
8,90,37,6946.94,1117.1,6,10,0.0,6.0
8,90,37,6946.94,1117.1,6,10,74.15,5.0
8,90,37,7072.44,1658.53,6,9,0.0,6.0
8,90,37,7072.44,1658.53,6,9,74.15,5.0
8,90,37,7290.24,1113.42,6,10,0.0,6.0
8,90,37,7290.24,1113.42,6,10,74.15,5.0
8,90,37,8763.18,1775.01,5,11,0.0,6.0
8,90,37,8763.18,1775.01,5,11,74.15,5.0
8,90,37,8768.84,1711.77,5,10,0.0,6.0
8,90,37,8768.84,1711.77,5,10,74.15,5.0
8,90,38,5588.3,2402.58,6,11,0.0,6.0
8,90,38,5588.3,2402.58,6,11,74.15,5.0
8,90,38,5612.23,2402.58,6,10,0.0,6.0
8,90,38,5612.23,2402.58,6,10,74.15,5.0
8,90,38,6863.62,1740.73,6,9,0.0,6.0
8,90,38,6863.62,1740.73,6,9,74.15,5.0
8,90,38,6938.48,1117.1,6,11,0.0,6.0
8,90,38,6938.48,1117.1,6,11,74.15,5.0
8,90,38,6946.94,1108.07,6,10,0.0,6.0
8,90,38,6946.94,1108.07,6,10,74.15,5.0
8,90,38,6970.32,1149.3,5,10,0.0,6.0
8,90,38,6970.32,1149.3,5,10,74.15,5.0
8,90,38,6989.25,1071.81,5,10,0.0,6.0
8,90,38,6989.25,1071.81,5,10,74.15,5.0
8,90,38,7019.65,1496.29,6,9,0.0,6.0
8,90,38,7019.65,1496.29,6,9,74.15,5.0
8,90,38,7058.35,1061.8,5,10,0.0,6.0
8,90,38,7058.35,1061.8,5,10,74.15,5.0
8,90,38,7058.35,1061.8,5,10,0.0,6.0
8,90,38,7058.35,1061.8,5,10,74.15,5.0
8,90,38,7183.03,1051.4,6,9,0.0,6.0
8,90,38,7183.03,1051.4,6,9,74.15,5.0
8,90,38,7183.03,1051.4,6,9,0.0,6.0
8,90,38,7183.03,1051.4,6,9,74.15,5.0
8,90,38,7248.87,1252.41,6,8,0.0,6.0
8,90,38,7248.87,1252.41,6,8,74.15,5.0
8,90,38,7348.13,1173.67,6,8,0.0,6.0
8,90,38,7348.13,1173.67,6,8,74.15,5.0
8,90,39,5580.89,2402.58,6,10,0.0,6.0
8,90,39,5580.89,2402.58,6,10,74.15,5.0
8,90,39,6789.79,1314.47,5,10,0.0,6.0
8,90,39,6789.79,1314.47,5,10,74.15,5.0
8,90,39,6833.53,1253.74,5,10,0.0,6.0
8,90,39,6833.53,1253.74,5,10,74.15,5.0
8,90,39,6834.06,1254.43,5,9,0.0,6.0
8,90,39,6834.06,1254.43,5,9,74.15,5.0
8,90,39,6884.61,1201.85,6,10,0.0,6.0
8,90,39,6884.61,1201.85,6,10,74.15,5.0
8,90,39,6884.61,1201.85,6,10,0.0,6.0
8,90,39,6884.61,1201.85,6,10,74.15,5.0
8,90,39,6938.48,1098.68,6,11,0.0,6.0
8,90,39,6938.48,1098.68,6,11,74.15,5.0
8,90,39,6962.89,1149.3,5,9,0.0,6.0
8,90,39,6962.89,1149.3,5,9,74.15,5.0
8,90,39,6965.01,1132.11,5,10,0.0,6.0
8,90,39,6965.01,1132.11,5,10,74.15,5.0
8,90,39,6974.25,1071.81,5,10,0.0,6.0
8,90,39,6974.25,1071.81,5,10,74.15,5.0
8,90,39,6974.25,1071.81,5,10,0.0,6.0
8,90,39,6974.25,1071.81,5,10,74.15,5.0
8,90,39,7008.01,1240.87,6,8,0.0,6.0
8,90,39,7008.01,1240.87,6,8,74.15,5.0
8,90,39,7183.03,1023.72,5,9,0.0,6.0
8,90,39,7183.03,1023.72,5,9,74.15,5.0
8,90,39,7206.98,1023.72,6,8,0.0,6.0
8,90,39,7206.98,1023.72,6,8,74.15,5.0
8,90,39,7431.11,1021.71,6,8,0.0,6.0
8,90,39,7431.11,1021.71,6,8,74.15,5.0
8,90,39,7431.11,1021.71,6,8,0.0,6.0
8,90,39,7431.11,1021.71,6,8,74.15,5.0
8,90,39,7550.83,1020.73,5,9,0.0,6.0
8,90,39,7550.83,1020.73,5,9,74.15,5.0
8,90,39,9023.5,412.73,6,11,0.0,6.0
8,90,39,9023.5,412.73,6,11,74.15,5.0
8,90,40,5616.82,2402.58,6,9,0.0,6.0
8,90,40,5616.82,2402.58,6,9,74.15,5.0
8,90,40,6683.14,1787.47,5,10,0.0,6.0
8,90,40,6683.14,1787.47,5,10,74.15,5.0
8,90,40,6683.14,1787.47,5,10,0.0,6.0
8,90,40,6683.14,1787.47,5,10,74.15,5.0
8,90,40,6768.7,1782.09,5,10,0.0,6.0
8,90,40,6768.7,1782.09,5,10,74.15,5.0
8,90,40,6814.01,1336.89,5,9,0.0,6.0
8,90,40,6814.01,1336.89,5,9,74.15,5.0
8,90,40,6884.61,1201.85,5,10,0.0,6.0
8,90,40,6884.61,1201.85,5,10,74.15,5.0
8,90,40,6897.4,1176.87,6,9,0.0,6.0
8,90,40,6897.4,1176.87,6,9,74.15,5.0
8,90,40,6912.27,1513.26,6,8,0.0,6.0
8,90,40,6912.27,1513.26,6,8,74.15,5.0
8,90,40,6965.01,1122.1,5,10,0.0,6.0
8,90,40,6965.01,1122.1,5,10,74.15,5.0
8,90,40,7024.45,977.45,5,10,0.0,6.0
8,90,40,7024.45,977.45,5,10,74.15,5.0
8,90,40,7080.57,1114.96,6,8,0.0,6.0
8,90,40,7080.57,1114.96,6,8,74.15,5.0
8,90,40,7160.48,832.61,5,11,0.0,6.0
8,90,40,7160.48,832.61,5,11,74.15,5.0
8,90,40,7160.48,832.61,5,11,0.0,6.0
8,90,40,7160.48,832.61,5,11,74.15,5.0
8,90,40,7248.87,1021.71,6,8,0.0,6.0
8,90,40,7248.87,1021.71,6,8,74.15,5.0
8,90,40,7320.81,1014.15,5,8,0.0,6.0
8,90,40,7320.81,1014.15,5,8,74.15,5.0
8,90,40,7334.85,887.62,6,10,0.0,6.0
8,90,40,7334.85,887.62,6,10,74.15,5.0
8,90,40,7351.93,887.62,6,9,0.0,6.0
8,90,40,7351.93,887.62,6,9,74.15,5.0
8,90,40,7393.17,978.42,5,9,0.0,6.0
8,90,40,7393.17,978.42,5,9,74.15,5.0
8,90,40,7607.68,844.74,6,10,0.0,6.0
8,90,40,7607.68,844.74,6,10,74.15,5.0
8,90,40,7726.02,832.34,6,9,0.0,6.0
8,90,40,7726.02,832.34,6,9,74.15,5.0
8,90,40,8995.71,1199.62,4,11,0.0,6.0
8,90,40,8995.71,1199.62,4,11,74.15,5.0
8,90,40,9023.5,384.66,6,11,0.0,6.0
8,90,40,9023.5,384.66,6,11,74.15,5.0
8,90,41,5596.77,2402.58,6,9,0.0,6.0
8,90,41,5596.77,2402.58,6,9,74.15,5.0
8,90,41,6683.14,1735.57,5,10,0.0,6.0
8,90,41,6683.14,1735.57,5,10,74.15,5.0
8,90,41,6716.7,1549.09,6,9,0.0,6.0
8,90,41,6716.7,1549.09,6,9,74.15,5.0
8,90,41,6716.7,1549.09,6,9,0.0,6.0
8,90,41,6716.7,1549.09,6,9,74.15,5.0
8,90,41,6864.18,1232.82,5,10,0.0,6.0
8,90,41,6864.18,1232.82,5,10,74.15,5.0
8,90,41,6897.4,1122.42,6,9,0.0,6.0
8,90,41,6897.4,1122.42,6,9,74.15,5.0
8,90,41,6912.27,1403.07,6,8,0.0,6.0
8,90,41,6912.27,1403.07,6,8,74.15,5.0
8,90,41,6990.21,995.03,6,11,0.0,6.0
8,90,41,6990.21,995.03,6,11,74.15,5.0
8,90,41,7021.01,992.72,6,11,0.0,6.0
8,90,41,7021.01,992.72,6,11,74.15,5.0
8,90,41,7045.53,1294.22,5,8,0.0,6.0
8,90,41,7045.53,1294.22,5,8,74.15,5.0
8,90,41,7080.57,1023.72,6,8,0.0,6.0
8,90,41,7080.57,1023.72,6,8,74.15,5.0
8,90,41,7201.53,680.21,6,11,0.0,6.0
8,90,41,7201.53,680.21,6,11,74.15,5.0
8,90,41,7204.11,915.76,5,8,0.0,6.0
8,90,41,7204.11,915.76,5,8,74.15,5.0
8,90,41,7525.73,844.74,6,10,0.0,6.0
8,90,41,7525.73,844.74,6,10,74.15,5.0
8,90,41,7533.51,864.11,5,10,0.0,6.0
8,90,41,7533.51,864.11,5,10,74.15,5.0
8,90,41,7607.68,803.5,6,10,0.0,6.0
8,90,41,7607.68,803.5,6,10,74.15,5.0
8,90,41,7747.28,796.73,5,9,0.0,6.0
8,90,41,7747.28,796.73,5,9,74.15,5.0
8,90,41,9023.5,361.84,6,11,0.0,6.0
8,90,41,9023.5,361.84,6,11,74.15,5.0
8,90,42,6038.63,2402.58,6,8,0.0,6.0
8,90,42,6038.63,2402.58,6,8,74.15,5.0
8,90,42,6675.15,1521.04,6,9,0.0,6.0
8,90,42,6675.15,1521.04,6,9,74.15,5.0
8,90,42,6711.86,1513.06,5,10,0.0,6.0
8,90,42,6711.86,1513.06,5,10,74.15,5.0
8,90,42,6789.79,1293.64,5,10,0.0,6.0
8,90,42,6789.79,1293.64,5,10,74.15,5.0
8,90,42,6814.33,1277.71,5,10,0.0,6.0
8,90,42,6814.33,1277.71,5,10,74.15,5.0
8,90,42,6815.31,1203.74,6,10,0.0,6.0
8,90,42,6815.31,1203.74,6,10,74.15,5.0
8,90,42,6841.85,1172.09,5,11,0.0,6.0
8,90,42,6841.85,1172.09,5,11,74.15,5.0
8,90,42,6857.01,1172.09,5,10,0.0,6.0
8,90,42,6857.01,1172.09,5,10,74.15,5.0
8,90,42,6857.01,1172.09,5,10,0.0,6.0
8,90,42,6857.01,1172.09,5,10,74.15,5.0
8,90,42,6902.56,1098.68,6,11,0.0,6.0
8,90,42,6902.56,1098.68,6,11,74.15,5.0
8,90,42,6947.14,1314.96,5,8,0.0,6.0
8,90,42,6947.14,1314.96,5,8,74.15,5.0
8,90,42,6971.93,992.72,6,11,0.0,6.0
8,90,42,6971.93,992.72,6,11,74.15,5.0
8,90,42,6990.21,980.39,6,11,0.0,6.0
8,90,42,6990.21,980.39,6,11,74.15,5.0
8,90,42,7043.39,1122.22,6,9,0.0,6.0
8,90,42,7043.39,1122.22,6,9,74.15,5.0
8,90,42,7045.53,1170.52,5,8,0.0,6.0
8,90,42,7045.53,1170.52,5,8,74.15,5.0
8,90,42,7122.66,1134.26,5,8,0.0,6.0
8,90,42,7122.66,1134.26,5,8,74.15,5.0
8,90,42,7149.88,917.75,6,11,0.0,6.0
8,90,42,7149.88,917.75,6,11,74.15,5.0
8,90,42,7221.11,1431.91,4,8,0.0,6.0
8,90,42,7221.11,1431.91,4,8,74.15,5.0
8,90,42,7250.66,1397.43,4,8,0.0,6.0
8,90,42,7250.66,1397.43,4,8,74.15,5.0
8,90,42,7275.89,781.04,5,10,0.0,6.0
8,90,42,7275.89,781.04,5,10,74.15,5.0
8,90,42,7325.68,624.06,6,11,0.0,6.0
8,90,42,7325.68,624.06,6,11,74.15,5.0
8,90,42,7519.77,864.12,5,9,0.0,6.0
8,90,42,7519.77,864.12,5,9,74.15,5.0
8,90,42,7536.34,739.81,6,10,0.0,6.0
8,90,42,7536.34,739.81,6,10,74.15,5.0
8,90,42,7693.35,864.11,5,9,0.0,6.0
8,90,42,7693.35,864.11,5,9,74.15,5.0
8,90,42,7848.21,728.38,6,9,0.0,6.0
8,90,42,7848.21,728.38,6,9,74.15,5.0
8,90,42,7939.4,757.03,5,9,0.0,6.0
8,90,42,7939.4,757.03,5,9,74.15,5.0
8,90,43,6612.6,1475.32,5,10,0.0,6.0
8,90,43,6612.6,1475.32,5,10,74.15,5.0
8,90,43,6675.15,1490.62,6,9,0.0,6.0
8,90,43,6675.15,1490.62,6,9,74.15,5.0
8,90,43,6693.16,1439.06,5,9,0.0,6.0
8,90,43,6693.16,1439.06,5,9,74.15,5.0
8,90,43,6711.86,1405.89,5,10,0.0,6.0
8,90,43,6711.86,1405.89,5,10,74.15,5.0
8,90,43,6783.18,1277.71,5,9,0.0,6.0
8,90,43,6783.18,1277.71,5,9,74.15,5.0
8,90,43,6783.18,1277.71,5,9,0.0,6.0
8,90,43,6783.18,1277.71,5,9,74.15,5.0
8,90,43,6789.79,1232.82,5,10,0.0,6.0
8,90,43,6789.79,1232.82,5,10,74.15,5.0
8,90,43,6804.86,1172.09,5,11,0.0,6.0
8,90,43,6804.86,1172.09,5,11,74.15,5.0
8,90,43,6815.31,1160.61,6,10,0.0,6.0
8,90,43,6815.31,1160.61,6,10,74.15,5.0
8,90,43,6857.46,977.45,5,11,0.0,6.0
8,90,43,6857.46,977.45,5,11,74.15,5.0
8,90,43,6895.74,1597.09,6,8,0.0,6.0
8,90,43,6895.74,1597.09,6,8,74.15,5.0
8,90,43,6907.97,1086.06,6,10,0.0,6.0
8,90,43,6907.97,1086.06,6,10,74.15,5.0
8,90,43,6912.17,1377.02,5,8,0.0,6.0
8,90,43,6912.17,1377.02,5,8,74.15,5.0
8,90,43,7000.59,1222.21,4,10,0.0,6.0
8,90,43,7000.59,1222.21,4,10,74.15,5.0
8,90,43,7022.7,1283.67,5,8,0.0,6.0
8,90,43,7022.7,1283.67,5,8,74.15,5.0
8,90,43,7024.27,1065.18,5,8,0.0,6.0
8,90,43,7024.27,1065.18,5,8,74.15,5.0
8,90,43,7044.48,1035.38,6,8,0.0,6.0
8,90,43,7044.48,1035.38,6,8,74.15,5.0
8,90,43,7070.09,968.01,6,12,0.0,6.0
8,90,43,7070.09,968.01,6,12,74.15,5.0
8,90,43,7099.97,984.18,6,8,0.0,6.0
8,90,43,7099.97,984.18,6,8,74.15,5.0
8,90,43,7104.93,957.57,6,12,0.0,6.0
8,90,43,7104.93,957.57,6,12,74.15,5.0
8,90,43,7128.27,991.34,5,9,0.0,6.0
8,90,43,7128.27,991.34,5,9,74.15,5.0
8,90,43,7132.78,915.76,5,8,0.0,6.0
8,90,43,7132.78,915.76,5,8,74.15,5.0
8,90,43,7170.73,624.06,6,11,0.0,6.0
8,90,43,7170.73,624.06,6,11,74.15,5.0
8,90,43,7216.18,850.86,6,8,0.0,6.0
8,90,43,7216.18,850.86,6,8,74.15,5.0
8,90,43,7216.18,850.86,6,8,0.0,6.0
8,90,43,7216.18,850.86,6,8,74.15,5.0
8,90,43,7240.29,732.1,5,11,0.0,6.0
8,90,43,7240.29,732.1,5,11,74.15,5.0
8,90,43,7263.35,993.17,4,10,0.0,6.0
8,90,43,7263.35,993.17,4,10,74.15,5.0
8,90,43,7272.62,821.59,5,10,0.0,6.0
8,90,43,7272.62,821.59,5,10,74.15,5.0
8,90,43,7272.62,821.59,5,10,0.0,6.0
8,90,43,7272.62,821.59,5,10,74.15,5.0
8,90,43,7378.72,804.45,6,9,0.0,6.0
8,90,43,7378.72,804.45,6,9,74.15,5.0
8,90,43,7398.29,1101.06,4,8,0.0,6.0
8,90,43,7398.29,1101.06,4,8,74.15,5.0
8,90,43,7524.74,768.1,5,10,0.0,6.0
8,90,43,7524.74,768.1,5,10,74.15,5.0
8,90,43,7525.73,751.61,6,10,0.0,6.0
8,90,43,7525.73,751.61,6,10,74.15,5.0
8,90,43,7608.66,758.21,5,10,0.0,6.0
8,90,43,7608.66,758.21,5,10,74.15,5.0
8,90,43,7632.61,758.21,5,9,0.0,6.0
8,90,43,7632.61,758.21,5,9,74.15,5.0
8,90,43,7745.3,675.75,5,10,0.0,6.0
8,90,43,7745.3,675.75,5,10,74.15,5.0
8,90,43,7848.21,662.69,6,9,0.0,6.0
8,90,43,7848.21,662.69,6,9,74.15,5.0
8,90,43,7918.89,619.61,5,10,0.0,6.0
8,90,43,7918.89,619.61,5,10,74.15,5.0
8,90,44,6523.52,1185.04,6,9,0.0,6.0
8,90,44,6523.52,1185.04,6,9,74.15,5.0
8,90,44,6664.13,1420.0,6,8,0.0,6.0
8,90,44,6664.13,1420.0,6,8,74.15,5.0
8,90,44,6673.56,1046.26,6,10,0.0,6.0
8,90,44,6673.56,1046.26,6,10,74.15,5.0
8,90,44,6693.16,1393.87,5,9,0.0,6.0
8,90,44,6693.16,1393.87,5,9,74.15,5.0
8,90,44,6711.86,1383.64,5,10,0.0,6.0
8,90,44,6711.86,1383.64,5,10,74.15,5.0
8,90,44,6719.36,1278.18,5,8,0.0,6.0
8,90,44,6719.36,1278.18,5,8,74.15,5.0
8,90,44,6726.76,977.45,5,11,0.0,6.0
8,90,44,6726.76,977.45,5,11,74.15,5.0
8,90,44,6814.33,1172.94,5,10,0.0,6.0
8,90,44,6814.33,1172.94,5,10,74.15,5.0
8,90,44,6817.76,1113.76,6,9,0.0,6.0
8,90,44,6817.76,1113.76,6,9,74.15,5.0
8,90,44,6893.28,1258.19,5,8,0.0,6.0
8,90,44,6893.28,1258.19,5,8,74.15,5.0
8,90,44,6935.12,1276.6,4,9,0.0,6.0
8,90,44,6935.12,1276.6,4,9,74.15,5.0
8,90,44,6953.85,1222.21,4,10,0.0,6.0
8,90,44,6953.85,1222.21,4,10,74.15,5.0
8,90,44,7003.23,1276.6,4,8,0.0,6.0
8,90,44,7003.23,1276.6,4,8,74.15,5.0
8,90,44,7003.23,1276.6,4,8,0.0,6.0
8,90,44,7003.23,1276.6,4,8,74.15,5.0
8,90,44,7023.09,1222.21,4,8,0.0,6.0
8,90,44,7023.09,1222.21,4,8,74.15,5.0
8,90,44,7023.09,1222.21,4,8,0.0,6.0
8,90,44,7023.09,1222.21,4,8,74.15,5.0
8,90,44,7024.27,1042.36,5,8,0.0,6.0
8,90,44,7024.27,1042.36,5,8,74.15,5.0
8,90,44,7032.59,968.01,6,12,0.0,6.0
8,90,44,7032.59,968.01,6,12,74.15,5.0
8,90,44,7050.92,1007.31,6,8,0.0,6.0
8,90,44,7050.92,1007.31,6,8,74.15,5.0
8,90,44,7099.97,842.08,6,8,0.0,6.0
8,90,44,7099.97,842.08,6,8,74.15,5.0
8,90,44,7117.57,943.98,5,8,0.0,6.0
8,90,44,7117.57,943.98,5,8,74.15,5.0
8,90,44,7178.75,904.06,5,10,0.0,6.0
8,90,44,7178.75,904.06,5,10,74.15,5.0
8,90,44,7209.11,821.59,5,10,0.0,6.0
8,90,44,7209.11,821.59,5,10,74.15,5.0
8,90,44,7253.77,573.34,6,11,0.0,6.0
8,90,44,7253.77,573.34,6,11,74.15,5.0
8,90,44,7253.77,653.37,5,11,0.0,6.0
8,90,44,7253.77,653.37,5,11,74.15,5.0
8,90,44,7311.81,833.23,5,9,0.0,6.0
8,90,44,7311.81,833.23,5,9,74.15,5.0
8,90,44,7353.38,751.61,6,10,0.0,6.0
8,90,44,7353.38,751.61,6,10,74.15,5.0
8,90,44,7358.46,768.1,5,10,0.0,6.0
8,90,44,7358.46,768.1,5,10,74.15,5.0
8,90,44,7378.47,800.38,5,9,0.0,6.0
8,90,44,7378.47,800.38,5,9,74.15,5.0
8,90,44,7379.0,739.81,6,10,0.0,6.0
8,90,44,7379.0,739.81,6,10,74.15,5.0
8,90,44,7380.12,858.94,4,9,0.0,6.0
8,90,44,7380.12,858.94,4,9,74.15,5.0
8,90,44,7526.86,716.53,6,8,0.0,6.0
8,90,44,7526.86,716.53,6,8,74.15,5.0
8,90,44,7587.19,915.05,4,8,0.0,6.0
8,90,44,7587.19,915.05,4,8,74.15,5.0
8,90,44,7782.45,757.03,5,9,0.0,6.0
8,90,44,7782.45,757.03,5,9,74.15,5.0
8,90,45,6523.52,1135.69,6,9,0.0,6.0
8,90,45,6523.52,1135.69,6,9,74.15,5.0
8,90,45,6636.09,1329.08,5,8,0.0,6.0
8,90,45,6636.09,1329.08,5,8,74.15,5.0
8,90,45,6646.28,977.45,6,11,0.0,6.0
8,90,45,6646.28,977.45,6,11,74.15,5.0
8,90,45,6646.32,1046.26,6,10,0.0,6.0
8,90,45,6646.32,1046.26,6,10,74.15,5.0
8,90,45,6682.61,977.45,5,11,0.0,6.0
8,90,45,6682.61,977.45,5,11,74.15,5.0
8,90,45,6741.46,1074.82,6,9,0.0,6.0
8,90,45,6741.46,1074.82,6,9,74.15,5.0
8,90,45,6783.18,1203.56,5,9,0.0,6.0
8,90,45,6783.18,1203.56,5,9,74.15,5.0
8,90,45,6783.18,1203.56,5,9,0.0,6.0
8,90,45,6783.18,1203.56,5,9,74.15,5.0
8,90,45,6901.49,1283.67,4,8,0.0,6.0
8,90,45,6901.49,1283.67,4,8,74.15,5.0
8,90,45,6909.5,1276.6,4,9,0.0,6.0
8,90,45,6909.5,1276.6,4,9,74.15,5.0
8,90,45,6957.57,1216.95,5,8,0.0,6.0
8,90,45,6957.57,1216.95,5,8,74.15,5.0
8,90,45,6957.57,1216.95,5,8,0.0,6.0
8,90,45,6957.57,1216.95,5,8,74.15,5.0
8,90,45,7003.23,1222.21,4,8,0.0,6.0
8,90,45,7003.23,1222.21,4,8,74.15,5.0
8,90,45,7091.99,845.57,6,11,0.0,6.0
8,90,45,7091.99,845.57,6,11,74.15,5.0
8,90,45,7117.57,919.93,5,8,0.0,6.0
8,90,45,7117.57,919.93,5,8,74.15,5.0
8,90,45,7132.25,832.94,5,10,0.0,6.0
8,90,45,7132.25,832.94,5,10,74.15,5.0
8,90,45,7132.25,832.94,5,10,0.0,6.0
8,90,45,7132.25,832.94,5,10,74.15,5.0
8,90,45,7163.54,739.81,5,10,0.0,6.0
8,90,45,7163.54,739.81,5,10,74.15,5.0
8,90,45,7179.07,831.24,5,9,0.0,6.0
8,90,45,7179.07,831.24,5,9,74.15,5.0
8,90,45,7253.96,1175.72,4,9,0.0,6.0
8,90,45,7253.96,1175.72,4,9,74.15,5.0
8,90,45,7253.96,1175.72,4,9,0.0,6.0
8,90,45,7253.96,1175.72,4,9,74.15,5.0
8,90,45,7280.4,612.57,6,9,0.0,6.0
8,90,45,7280.4,612.57,6,9,74.15,5.0
8,90,45,7311.81,942.35,4,9,0.0,6.0
8,90,45,7311.81,942.35,4,9,74.15,5.0
8,90,45,7311.81,942.35,4,9,0.0,6.0
8,90,45,7311.81,942.35,4,9,74.15,5.0
8,90,45,7331.01,1131.47,4,8,0.0,6.0
8,90,45,7331.01,1131.47,4,8,74.15,5.0
8,90,45,7346.78,889.84,4,9,0.0,6.0
8,90,45,7346.78,889.84,4,9,74.15,5.0
8,90,45,7369.56,858.94,4,9,0.0,6.0
8,90,45,7369.56,858.94,4,9,74.15,5.0
8,90,45,7375.24,841.61,5,8,0.0,6.0
8,90,45,7375.24,841.61,5,8,74.15,5.0
8,90,45,7378.47,772.53,5,9,0.0,6.0
8,90,45,7378.47,772.53,5,9,74.15,5.0
8,90,45,7414.41,761.34,5,9,0.0,6.0
8,90,45,7414.41,761.34,5,9,74.15,5.0
8,90,45,7425.09,581.81,5,11,0.0,6.0
8,90,45,7425.09,581.81,5,11,74.15,5.0
8,90,45,7468.95,647.52,6,8,0.0,6.0
8,90,45,7468.95,647.52,6,8,74.15,5.0
8,90,45,7471.67,705.7,5,10,0.0,6.0
8,90,45,7471.67,705.7,5,10,74.15,5.0
8,90,45,7681.51,657.73,5,10,0.0,6.0
8,90,45,7681.51,657.73,5,10,74.15,5.0
8,90,45,7725.47,616.63,5,10,0.0,6.0
8,90,45,7725.47,616.63,5,10,74.15,5.0
8,90,46,6505.94,1336.16,6,9,0.0,6.0
8,90,46,6505.94,1336.16,6,9,74.15,5.0
8,90,46,6626.52,1333.05,5,9,0.0,6.0
8,90,46,6626.52,1333.05,5,9,74.15,5.0
8,90,46,6635.71,1046.26,6,10,0.0,6.0
8,90,46,6635.71,1046.26,6,10,74.15,5.0
8,90,46,6636.09,1275.08,5,8,0.0,6.0
8,90,46,6636.09,1275.08,5,8,74.15,5.0
8,90,46,6640.21,977.45,6,11,0.0,6.0
8,90,46,6640.21,977.45,6,11,74.15,5.0
8,90,46,6670.29,977.45,5,11,0.0,6.0
8,90,46,6670.29,977.45,5,11,74.15,5.0
8,90,46,6675.11,1104.35,6,9,0.0,6.0
8,90,46,6675.11,1104.35,6,9,74.15,5.0
8,90,46,6677.48,1136.97,5,8,0.0,6.0
8,90,46,6677.48,1136.97,5,8,74.15,5.0
8,90,46,6682.61,960.42,6,11,0.0,6.0
8,90,46,6682.61,960.42,6,11,74.15,5.0
8,90,46,6682.61,960.42,6,11,0.0,6.0
8,90,46,6682.61,960.42,6,11,74.15,5.0
8,90,46,6719.21,1071.9,6,9,0.0,6.0
8,90,46,6719.21,1071.9,6,9,74.15,5.0
8,90,46,6772.5,1355.32,4,8,0.0,6.0
8,90,46,6772.5,1355.32,4,8,74.15,5.0
8,90,46,6793.75,963.73,6,9,0.0,6.0
8,90,46,6793.75,963.73,6,9,74.15,5.0
8,90,46,6931.07,1062.83,5,9,0.0,6.0
8,90,46,6931.07,1062.83,5,9,74.15,5.0
8,90,46,7061.13,897.34,5,8,0.0,6.0
8,90,46,7061.13,897.34,5,8,74.15,5.0
8,90,46,7079.21,759.59,6,10,0.0,6.0
8,90,46,7079.21,759.59,6,10,74.15,5.0
8,90,46,7107.55,831.24,5,9,0.0,6.0
8,90,46,7107.55,831.24,5,9,74.15,5.0
8,90,46,7132.25,791.7,5,10,0.0,6.0
8,90,46,7132.25,791.7,5,10,74.15,5.0
8,90,46,7154.7,1175.72,4,9,0.0,6.0
8,90,46,7154.7,1175.72,4,9,74.15,5.0
8,90,46,7208.26,969.16,4,8,0.0,6.0
8,90,46,7208.26,969.16,4,8,74.15,5.0
8,90,46,7229.27,621.35,6,9,0.0,6.0
8,90,46,7229.27,621.35,6,9,74.15,5.0
8,90,46,7246.12,858.94,4,10,0.0,6.0
8,90,46,7246.12,858.94,4,10,74.15,5.0
8,90,46,7270.07,858.94,4,9,0.0,6.0
8,90,46,7270.07,858.94,4,9,74.15,5.0
8,90,46,7289.61,851.28,4,10,0.0,6.0
8,90,46,7289.61,851.28,4,10,74.15,5.0
8,90,46,7289.61,851.28,4,10,0.0,6.0
8,90,46,7289.61,851.28,4,10,74.15,5.0
8,90,46,7331.01,935.46,4,8,0.0,6.0
8,90,46,7331.01,935.46,4,8,74.15,5.0
8,90,46,7344.17,573.75,6,10,0.0,6.0
8,90,46,7344.17,573.75,6,10,74.15,5.0
8,90,46,7414.41,728.89,5,9,0.0,6.0
8,90,46,7414.41,728.89,5,9,74.15,5.0
8,90,46,7422.98,654.88,5,10,0.0,6.0
8,90,46,7422.98,654.88,5,10,74.15,5.0
8,90,46,7459.47,825.92,5,8,0.0,6.0
8,90,46,7459.47,825.92,5,8,74.15,5.0
8,90,46,7468.95,617.1,6,8,0.0,6.0
8,90,46,7468.95,617.1,6,8,74.15,5.0
8,90,47,6497.49,1273.56,5,11,0.0,6.0
8,90,47,6497.49,1273.56,5,11,74.15,5.0
8,90,47,6520.13,1333.05,5,10,0.0,6.0
8,90,47,6520.13,1333.05,5,10,74.15,5.0
8,90,47,6546.03,1254.7,6,8,0.0,6.0
8,90,47,6546.03,1254.7,6,8,74.15,5.0
8,90,47,6584.72,1397.85,5,8,0.0,6.0
8,90,47,6584.72,1397.85,5,8,74.15,5.0
8,90,47,6611.89,964.32,6,10,0.0,6.0
8,90,47,6611.89,964.32,6,10,74.15,5.0
8,90,47,6633.58,1219.32,5,8,0.0,6.0
8,90,47,6633.58,1219.32,5,8,74.15,5.0
8,90,47,6634.99,1086.73,5,9,0.0,6.0
8,90,47,6634.99,1086.73,5,9,74.15,5.0
8,90,47,6666.07,884.28,6,10,0.0,6.0
8,90,47,6666.07,884.28,6,10,74.15,5.0
8,90,47,6670.13,1071.9,6,9,0.0,6.0
8,90,47,6670.13,1071.9,6,9,74.15,5.0
8,90,47,6677.28,1119.66,6,8,0.0,6.0
8,90,47,6677.28,1119.66,6,8,74.15,5.0
8,90,47,6696.02,995.91,5,10,0.0,6.0
8,90,47,6696.02,995.91,5,10,74.15,5.0
8,90,47,6736.93,1025.9,5,9,0.0,6.0
8,90,47,6736.93,1025.9,5,9,74.15,5.0
8,90,47,6818.34,953.88,6,9,0.0,6.0
8,90,47,6818.34,953.88,6,9,74.15,5.0
8,90,47,6826.17,1302.75,4,8,0.0,6.0
8,90,47,6826.17,1302.75,4,8,74.15,5.0
8,90,47,6826.17,1302.75,4,8,0.0,6.0
8,90,47,6826.17,1302.75,4,8,74.15,5.0
8,90,47,6892.75,772.78,6,9,0.0,6.0
8,90,47,6892.75,772.78,6,9,74.15,5.0
8,90,47,6972.38,1140.48,4,8,0.0,6.0
8,90,47,6972.38,1140.48,4,8,74.15,5.0
8,90,47,7022.96,1079.86,5,8,0.0,6.0
8,90,47,7022.96,1079.86,5,8,74.15,5.0
8,90,47,7043.92,831.24,5,10,0.0,6.0
8,90,47,7043.92,831.24,5,10,74.15,5.0
8,90,47,7079.21,759.59,5,10,0.0,6.0
8,90,47,7079.21,759.59,5,10,74.15,5.0
8,90,47,7138.94,683.04,6,10,0.0,6.0
8,90,47,7138.94,683.04,6,10,74.15,5.0
8,90,47,7138.94,683.04,6,10,0.0,6.0
8,90,47,7138.94,683.04,6,10,74.15,5.0
8,90,47,7162.15,1134.49,4,9,0.0,6.0
8,90,47,7162.15,1134.49,4,9,74.15,5.0
8,90,47,7175.0,969.16,4,8,0.0,6.0
8,90,47,7175.0,969.16,4,8,74.15,5.0
8,90,47,7215.19,909.76,4,10,0.0,6.0
8,90,47,7215.19,909.76,4,10,74.15,5.0
8,90,47,7215.19,909.76,4,10,0.0,6.0
8,90,47,7215.19,909.76,4,10,74.15,5.0
8,90,47,7242.44,851.28,4,10,0.0,6.0
8,90,47,7242.44,851.28,4,10,74.15,5.0
8,90,47,7246.12,830.87,4,10,0.0,6.0
8,90,47,7246.12,830.87,4,10,74.15,5.0
8,90,47,7291.23,573.75,6,10,0.0,6.0
8,90,47,7291.23,573.75,6,10,74.15,5.0
8,90,47,7311.54,719.89,5,10,0.0,6.0
8,90,47,7311.54,719.89,5,10,74.15,5.0
8,90,47,7392.36,532.52,6,10,0.0,6.0
8,90,47,7392.36,532.52,6,10,74.15,5.0
8,90,47,7392.36,702.21,5,10,0.0,6.0
8,90,47,7392.36,702.21,5,10,74.15,5.0
8,90,47,7399.01,685.29,5,10,0.0,6.0
8,90,47,7399.01,685.29,5,10,74.15,5.0
8,90,47,7406.53,774.03,5,8,0.0,6.0
8,90,47,7406.53,774.03,5,8,74.15,5.0
8,90,47,7433.03,587.58,6,8,0.0,6.0
8,90,47,7433.03,587.58,6,8,74.15,5.0
8,90,48,6399.25,1275.15,6,10,0.0,6.0
8,90,48,6399.25,1275.15,6,10,74.15,5.0
8,90,48,6451.41,1210.04,6,9,0.0,6.0
8,90,48,6451.41,1210.04,6,9,74.15,5.0
8,90,48,6478.77,1345.2,5,11,0.0,6.0
8,90,48,6478.77,1345.2,5,11,74.15,5.0
8,90,48,6481.37,1458.06,5,9,0.0,6.0
8,90,48,6481.37,1458.06,5,9,74.15,5.0
8,90,48,6487.7,1155.05,6,9,0.0,6.0
8,90,48,6487.7,1155.05,6,9,74.15,5.0
8,90,48,6523.52,1102.71,6,9,0.0,6.0
8,90,48,6523.52,1102.71,6,9,74.15,5.0
8,90,48,6554.35,1251.65,5,10,0.0,6.0
8,90,48,6554.35,1251.65,5,10,74.15,5.0
8,90,48,6571.21,1397.86,5,8,0.0,6.0
8,90,48,6571.21,1397.86,5,8,74.15,5.0
8,90,48,6600.5,1375.96,5,8,0.0,6.0
8,90,48,6600.5,1375.96,5,8,74.15,5.0
8,90,48,6601.58,953.88,6,9,0.0,6.0
8,90,48,6601.58,953.88,6,9,74.15,5.0
8,90,48,6601.58,953.88,6,9,0.0,6.0
8,90,48,6601.58,953.88,6,9,74.15,5.0
8,90,48,6617.24,1175.07,6,8,0.0,6.0
8,90,48,6617.24,1175.07,6,8,74.15,5.0
8,90,48,6628.33,1025.9,5,9,0.0,6.0
8,90,48,6628.33,1025.9,5,9,74.15,5.0
8,90,48,6645.45,1119.66,6,8,0.0,6.0
8,90,48,6645.45,1119.66,6,8,74.15,5.0
8,90,48,6658.61,947.97,6,10,0.0,6.0
8,90,48,6658.61,947.97,6,10,74.15,5.0
8,90,48,6677.28,1119.66,5,8,0.0,6.0
8,90,48,6677.28,1119.66,5,8,74.15,5.0
8,90,48,6677.28,1119.66,5,8,0.0,6.0
8,90,48,6677.28,1119.66,5,8,74.15,5.0
8,90,48,6696.02,885.61,5,10,0.0,6.0
8,90,48,6696.02,885.61,5,10,74.15,5.0
8,90,48,6790.34,1349.15,4,8,0.0,6.0
8,90,48,6790.34,1349.15,4,8,74.15,5.0
8,90,48,6818.34,939.85,6,9,0.0,6.0
8,90,48,6818.34,939.85,6,9,74.15,5.0
8,90,48,6826.17,1246.61,4,8,0.0,6.0
8,90,48,6826.17,1246.61,4,8,74.15,5.0
8,90,48,6877.71,897.34,5,9,0.0,6.0
8,90,48,6877.71,897.34,5,9,74.15,5.0
8,90,48,6890.46,772.09,6,11,0.0,6.0
8,90,48,6890.46,772.09,6,11,74.15,5.0
8,90,48,6987.88,979.07,4,10,0.0,6.0
8,90,48,6987.88,979.07,4,10,74.15,5.0
8,90,48,7006.9,738.61,6,9,0.0,6.0
8,90,48,7006.9,738.61,6,9,74.15,5.0
8,90,48,7011.56,909.76,4,10,0.0,6.0
8,90,48,7011.56,909.76,4,10,74.15,5.0
8,90,48,7023.02,712.15,6,11,0.0,6.0
8,90,48,7023.02,712.15,6,11,74.15,5.0
8,90,48,7032.6,703.67,6,10,0.0,6.0
8,90,48,7032.6,703.67,6,10,74.15,5.0
8,90,48,7043.92,790.0,5,10,0.0,6.0
8,90,48,7043.92,790.0,5,10,74.15,5.0
8,90,48,7078.21,736.08,6,9,0.0,6.0
8,90,48,7078.21,736.08,6,9,74.15,5.0
8,90,48,7086.7,683.04,6,9,0.0,6.0
8,90,48,7086.7,683.04,6,9,74.15,5.0
8,90,48,7109.62,599.54,6,11,0.0,6.0
8,90,48,7109.62,599.54,6,11,74.15,5.0
8,90,48,7147.01,642.84,6,10,0.0,6.0
8,90,48,7147.01,642.84,6,10,74.15,5.0
8,90,48,7193.36,851.28,4,10,0.0,6.0
8,90,48,7193.36,851.28,4,10,74.15,5.0
8,90,48,7268.9,725.15,5,10,0.0,6.0
8,90,48,7268.9,725.15,5,10,74.15,5.0
8,90,48,7268.9,725.15,5,10,0.0,6.0
8,90,48,7268.9,725.15,5,10,74.15,5.0
8,90,48,7306.15,591.83,6,9,0.0,6.0
8,90,48,7306.15,591.83,6,9,74.15,5.0
8,90,48,7408.21,654.88,5,10,0.0,6.0
8,90,48,7408.21,654.88,5,10,74.15,5.0
8,90,48,7433.03,586.69,6,8,0.0,6.0
8,90,48,7433.03,586.69,6,8,74.15,5.0
8,90,49,6257.11,1399.04,5,9,0.0,6.0
8,90,49,6257.11,1399.04,5,9,74.15,5.0
8,90,49,6399.25,1196.4,6,10,0.0,6.0
8,90,49,6399.25,1196.4,6,10,74.15,5.0
8,90,49,6407.56,1345.2,5,10,0.0,6.0
8,90,49,6407.56,1345.2,5,10,74.15,5.0
8,90,49,6428.16,1097.14,6,9,0.0,6.0
8,90,49,6428.16,1097.14,6,9,74.15,5.0
8,90,49,6453.25,1309.77,6,8,0.0,6.0
8,90,49,6453.25,1309.77,6,8,74.15,5.0
8,90,49,6462.04,1363.58,5,9,0.0,6.0
8,90,49,6462.04,1363.58,5,9,74.15,5.0
8,90,49,6487.7,1087.87,6,9,0.0,6.0
8,90,49,6487.7,1087.87,6,9,74.15,5.0
8,90,49,6497.49,1251.65,5,11,0.0,6.0
8,90,49,6497.49,1251.65,5,11,74.15,5.0
8,90,49,6497.49,1251.65,5,11,0.0,6.0
8,90,49,6497.49,1251.65,5,11,74.15,5.0
8,90,49,6509.11,1097.57,5,8,0.0,6.0
8,90,49,6509.11,1097.57,5,8,74.15,5.0
8,90,49,6533.72,1216.78,4,9,0.0,6.0
8,90,49,6533.72,1216.78,4,9,74.15,5.0
8,90,49,6573.6,1045.24,6,9,0.0,6.0
8,90,49,6573.6,1045.24,6,9,74.15,5.0
8,90,49,6735.54,1376.16,4,8,0.0,6.0
8,90,49,6735.54,1376.16,4,8,74.15,5.0
8,90,49,6736.99,1063.17,5,8,0.0,6.0
8,90,49,6736.99,1063.17,5,8,74.15,5.0
8,90,49,6736.99,1063.17,5,8,0.0,6.0
8,90,49,6736.99,1063.17,5,8,74.15,5.0
8,90,49,6780.33,742.37,6,9,0.0,6.0
8,90,49,6780.33,742.37,6,9,74.15,5.0
8,90,49,6790.34,1260.65,4,8,0.0,6.0
8,90,49,6790.34,1260.65,4,8,74.15,5.0
8,90,49,6790.34,1260.65,4,8,0.0,6.0
8,90,49,6790.34,1260.65,4,8,74.15,5.0
8,90,49,6813.21,1246.61,4,8,0.0,6.0
8,90,49,6813.21,1246.61,4,8,74.15,5.0
8,90,49,6864.56,1205.38,4,8,0.0,6.0
8,90,49,6864.56,1205.38,4,8,74.15,5.0
8,90,49,6890.46,712.15,6,11,0.0,6.0
8,90,49,6890.46,712.15,6,11,74.15,5.0
8,90,49,6925.49,790.0,5,10,0.0,6.0
8,90,49,6925.49,790.0,5,10,74.15,5.0
8,90,49,6950.02,738.61,6,9,0.0,6.0
8,90,49,6950.02,738.61,6,9,74.15,5.0
8,90,49,6950.02,738.61,6,9,0.0,6.0
8,90,49,6950.02,738.61,6,9,74.15,5.0
8,90,49,6957.08,697.38,6,9,0.0,6.0
8,90,49,6957.08,697.38,6,9,74.15,5.0
8,90,49,6966.66,1054.0,5,8,0.0,6.0
8,90,49,6966.66,1054.0,5,8,74.15,5.0
8,90,49,7032.6,642.84,6,10,0.0,6.0
8,90,49,7032.6,642.84,6,10,74.15,5.0
8,90,49,7184.79,725.15,5,10,0.0,6.0
8,90,49,7184.79,725.15,5,10,74.15,5.0
8,90,49,7249.77,678.65,5,12,0.0,6.0
8,90,49,7249.77,678.65,5,12,74.15,5.0
8,90,49,7311.35,536.71,6,10,0.0,6.0
8,90,49,7311.35,536.71,6,10,74.15,5.0
8,90,49,7311.99,958.01,4,8,0.0,6.0
8,90,49,7311.99,958.01,4,8,74.15,5.0
8,90,49,7367.15,586.69,6,9,0.0,6.0
8,90,49,7367.15,586.69,6,9,74.15,5.0
8,90,49,7396.34,654.88,5,10,0.0,6.0
8,90,49,7396.34,654.88,5,10,74.15,5.0
8,90,49,7426.92,696.44,5,9,0.0,6.0
8,90,49,7426.92,696.44,5,9,74.15,5.0
8,90,49,7426.92,696.44,5,9,0.0,6.0
8,90,49,7426.92,696.44,5,9,74.15,5.0
8,90,49,7544.13,638.53,5,10,0.0,6.0
8,90,49,7544.13,638.53,5,10,74.15,5.0
8,90,49,7544.13,638.53,5,10,0.0,6.0
8,90,49,7544.13,638.53,5,10,74.15,5.0
8,90,49,7583.86,638.53,5,9,0.0,6.0
8,90,49,7583.86,638.53,5,9,74.15,5.0
8,90,49,7592.31,548.48,5,11,0.0,6.0
8,90,49,7592.31,548.48,5,11,74.15,5.0
8,90,50,6396.4,1391.19,6,9,0.0,6.0
8,90,50,6396.4,1391.19,6,9,74.15,5.0
8,90,50,6399.25,1092.49,6,10,0.0,6.0
8,90,50,6399.25,1092.49,6,10,74.15,5.0
8,90,50,6399.25,1092.49,6,10,0.0,6.0
8,90,50,6399.25,1092.49,6,10,74.15,5.0
8,90,50,6405.18,1086.22,5,10,0.0,6.0
8,90,50,6405.18,1086.22,5,10,74.15,5.0
8,90,50,6428.16,1045.24,6,9,0.0,6.0
8,90,50,6428.16,1045.24,6,9,74.15,5.0
8,90,50,6445.13,1403.03,6,8,0.0,6.0
8,90,50,6445.13,1403.03,6,8,74.15,5.0
8,90,50,6461.82,1389.05,5,9,0.0,6.0
8,90,50,6461.82,1389.05,5,9,74.15,5.0
8,90,50,6462.04,1219.58,5,9,0.0,6.0
8,90,50,6462.04,1219.58,5,9,74.15,5.0
8,90,50,6462.04,1219.58,5,9,0.0,6.0
8,90,50,6462.04,1219.58,5,9,74.15,5.0
8,90,50,6510.92,1054.5,5,11,0.0,6.0
8,90,50,6510.92,1054.5,5,11,74.15,5.0
8,90,50,6514.73,962.53,5,10,0.0,6.0
8,90,50,6514.73,962.53,5,10,74.15,5.0
8,90,50,6537.33,1078.35,5,8,0.0,6.0
8,90,50,6537.33,1078.35,5,8,74.15,5.0
8,90,50,6577.98,1045.24,5,9,0.0,6.0
8,90,50,6577.98,1045.24,5,9,74.15,5.0
8,90,50,6606.41,1433.68,4,8,0.0,6.0
8,90,50,6606.41,1433.68,4,8,74.15,5.0
8,90,50,6607.31,1215.25,4,9,0.0,6.0
8,90,50,6607.31,1215.25,4,9,74.15,5.0
8,90,50,6756.35,1205.38,4,9,0.0,6.0
8,90,50,6756.35,1205.38,4,9,74.15,5.0
8,90,50,6756.35,1205.38,4,9,0.0,6.0
8,90,50,6756.35,1205.38,4,9,74.15,5.0
8,90,50,6780.33,726.71,6,9,0.0,6.0
8,90,50,6780.33,726.71,6,9,74.15,5.0
8,90,50,6780.33,742.37,5,9,0.0,6.0
8,90,50,6780.33,742.37,5,9,74.15,5.0
8,90,50,6824.43,1182.59,4,8,0.0,6.0
8,90,50,6824.43,1182.59,4,8,74.15,5.0
8,90,50,6833.6,712.15,6,11,0.0,6.0
8,90,50,6833.6,712.15,6,11,74.15,5.0
8,90,50,6893.4,670.91,6,11,0.0,6.0
8,90,50,6893.4,670.91,6,11,74.15,5.0
8,90,50,6966.66,957.47,5,8,0.0,6.0
8,90,50,6966.66,957.47,5,8,74.15,5.0
8,90,50,7086.7,641.81,6,9,0.0,6.0
8,90,50,7086.7,641.81,6,9,74.15,5.0
8,90,50,7150.66,536.71,6,9,0.0,6.0
8,90,50,7150.66,536.71,6,9,74.15,5.0
8,90,50,7268.9,656.72,5,10,0.0,6.0
8,90,50,7268.9,656.72,5,10,74.15,5.0
8,90,50,7268.9,656.72,5,10,0.0,6.0
8,90,50,7268.9,656.72,5,10,74.15,5.0
8,90,50,7343.18,521.34,6,10,0.0,6.0
8,90,50,7343.18,521.34,6,10,74.15,5.0
8,90,50,7384.24,639.41,5,10,0.0,6.0
8,90,50,7384.24,639.41,5,10,74.15,5.0
8,90,50,7407.27,638.53,5,9,0.0,6.0
8,90,50,7407.27,638.53,5,9,74.15,5.0
8,90,50,7407.27,638.53,5,9,0.0,6.0
8,90,50,7407.27,638.53,5,9,74.15,5.0
8,90,51,6399.25,1013.75,6,10,0.0,6.0
8,90,51,6399.25,1013.75,6,10,74.15,5.0
8,90,51,6423.35,1272.79,5,8,0.0,6.0
8,90,51,6423.35,1272.79,5,8,74.15,5.0
8,90,51,6427.67,1224.12,5,9,0.0,6.0
8,90,51,6427.67,1224.12,5,9,74.15,5.0
8,90,51,6449.55,1643.27,4,11,0.0,6.0
8,90,51,6449.55,1643.27,4,11,74.15,5.0
8,90,51,6498.28,1502.11,4,8,0.0,6.0
8,90,51,6498.28,1502.11,4,8,74.15,5.0
8,90,51,6506.2,1438.72,4,8,0.0,6.0
8,90,51,6506.2,1438.72,4,8,74.15,5.0
8,90,51,6565.54,969.94,6,8,0.0,6.0
8,90,51,6565.54,969.94,6,8,74.15,5.0
8,90,51,6780.33,706.35,6,9,0.0,6.0
8,90,51,6780.33,706.35,6,9,74.15,5.0
8,90,51,6854.71,1034.09,4,10,0.0,6.0
8,90,51,6854.71,1034.09,4,10,74.15,5.0
8,90,51,6854.71,1034.09,4,10,0.0,6.0
8,90,51,6854.71,1034.09,4,10,74.15,5.0
8,90,51,6893.4,629.68,6,11,0.0,6.0
8,90,51,6893.4,629.68,6,11,74.15,5.0
8,90,51,6938.94,884.57,6,8,0.0,6.0
8,90,51,6938.94,884.57,6,8,74.15,5.0
8,90,51,6938.94,884.57,6,8,0.0,6.0
8,90,51,6938.94,884.57,6,8,74.15,5.0
8,90,51,6938.94,1054.0,5,8,0.0,6.0
8,90,51,6938.94,1054.0,5,8,74.15,5.0
8,90,51,6938.94,1054.0,5,8,0.0,6.0
8,90,51,6938.94,1054.0,5,8,74.15,5.0
8,90,52,6310.49,1387.63,6,9,0.0,6.0
8,90,52,6310.49,1387.63,6,9,74.15,5.0
8,90,52,6363.38,1263.5,5,8,0.0,6.0
8,90,52,6363.38,1263.5,5,8,74.15,5.0
8,90,52,6396.4,1196.86,6,9,0.0,6.0
8,90,52,6396.4,1196.86,6,9,74.15,5.0
8,90,52,6427.67,1327.91,4,9,0.0,6.0
8,90,52,6427.67,1327.91,4,9,74.15,5.0
8,90,52,6428.16,1149.96,5,9,0.0,6.0
8,90,52,6428.16,1149.96,5,9,74.15,5.0
8,90,52,6454.57,956.23,6,9,0.0,6.0
8,90,52,6454.57,956.23,6,9,74.15,5.0
8,90,52,6490.7,969.94,6,8,0.0,6.0
8,90,52,6490.7,969.94,6,8,74.15,5.0
8,90,52,6533.72,1216.75,4,9,0.0,6.0
8,90,52,6533.72,1216.75,4,9,74.15,5.0
8,90,52,6559.37,1180.28,4,10,0.0,6.0
8,90,52,6559.37,1180.28,4,10,74.15,5.0
8,90,52,6562.76,860.03,6,9,0.0,6.0
8,90,52,6562.76,860.03,6,9,74.15,5.0
8,90,52,6565.07,1180.28,4,9,0.0,6.0
8,90,52,6565.07,1180.28,4,9,74.15,5.0
8,90,52,6678.77,738.29,5,9,0.0,6.0
8,90,52,6678.77,738.29,5,9,74.15,5.0
8,90,52,6746.36,1140.18,4,10,0.0,6.0
8,90,52,6746.36,1140.18,4,10,74.15,5.0
8,90,52,6747.46,726.71,6,9,0.0,6.0
8,90,52,6747.46,726.71,6,9,74.15,5.0
8,90,52,6792.14,884.57,6,8,0.0,6.0
8,90,52,6792.14,884.57,6,8,74.15,5.0
8,90,52,6820.81,1196.64,4,8,0.0,6.0
8,90,52,6820.81,1196.64,4,8,74.15,5.0
8,90,52,6828.93,1034.09,4,11,0.0,6.0
8,90,52,6828.93,1034.09,4,11,74.15,5.0
8,90,52,7078.21,559.95,6,9,0.0,6.0
8,90,52,7078.21,559.95,6,9,74.15,5.0
8,90,52,7328.75,605.86,5,11,0.0,6.0
8,90,52,7328.75,605.86,5,11,74.15,5.0
8,90,52,7366.21,679.63,6,8,0.0,6.0
8,90,52,7366.21,679.63,6,8,74.15,5.0
8,90,52,7574.83,605.86,5,10,0.0,6.0
8,90,52,7574.83,605.86,5,10,74.15,5.0
8,90,52,7868.41,778.95,4,10,0.0,6.0
8,90,52,7868.41,778.95,4,10,74.15,5.0
8,90,53,6257.67,1315.1,6,10,0.0,6.0
8,90,53,6257.67,1315.1,6,10,74.15,5.0
8,90,53,6280.05,1450.31,4,10,0.0,6.0
8,90,53,6280.05,1450.31,4,10,74.15,5.0
8,90,53,6300.08,1390.66,5,10,0.0,6.0
8,90,53,6300.08,1390.66,5,10,74.15,5.0
8,90,53,6350.84,1390.66,5,9,0.0,6.0
8,90,53,6350.84,1390.66,5,9,74.15,5.0
8,90,53,6498.28,1398.33,4,8,0.0,6.0
8,90,53,6498.28,1398.33,4,8,74.15,5.0
8,90,53,6533.72,1180.28,4,9,0.0,6.0
8,90,53,6533.72,1180.28,4,9,74.15,5.0
8,90,53,6643.42,1078.54,4,10,0.0,6.0
8,90,53,6643.42,1078.54,4,10,74.15,5.0
8,90,53,6643.42,1078.54,4,10,0.0,6.0
8,90,53,6643.42,1078.54,4,10,74.15,5.0
8,90,53,6648.2,726.75,6,9,0.0,6.0
8,90,53,6648.2,726.75,6,9,74.15,5.0
8,90,53,6730.89,945.3,4,11,0.0,6.0
8,90,53,6730.89,945.3,4,11,74.15,5.0
8,90,53,6864.56,1168.57,4,8,0.0,6.0
8,90,53,6864.56,1168.57,4,8,74.15,5.0
8,90,53,6920.06,1140.5,4,8,0.0,6.0
8,90,53,6920.06,1140.5,4,8,74.15,5.0
8,90,54,6325.64,1338.77,4,9,0.0,6.0
8,90,54,6325.64,1338.77,4,9,74.15,5.0
8,90,54,6387.24,1010.76,6,10,0.0,6.0
8,90,54,6387.24,1010.76,6,10,74.15,5.0
8,90,54,6387.24,1010.76,6,10,0.0,6.0
8,90,54,6387.24,1010.76,6,10,74.15,5.0
8,90,54,6486.08,1078.54,4,10,0.0,6.0
8,90,54,6486.08,1078.54,4,10,74.15,5.0
8,90,54,6507.88,1306.01,4,9,0.0,6.0
8,90,54,6507.88,1306.01,4,9,74.15,5.0
8,90,54,6558.11,1124.83,4,9,0.0,6.0
8,90,54,6558.11,1124.83,4,9,74.15,5.0
8,90,54,6632.06,1056.91,4,11,0.0,6.0
8,90,54,6632.06,1056.91,4,11,74.15,5.0
8,90,54,6831.16,945.3,4,10,0.0,6.0
8,90,54,6831.16,945.3,4,10,74.15,5.0
8,90,54,6899.63,1034.09,4,9,0.0,6.0
8,90,54,6899.63,1034.09,4,9,74.15,5.0
8,90,55,6316.69,1338.77,4,9,0.0,6.0
8,90,55,6316.69,1338.77,4,9,74.15,5.0
8,90,55,6350.84,1219.23,6,9,0.0,6.0
8,90,55,6350.84,1219.23,6,9,74.15,5.0
8,90,55,6381.64,1198.11,4,9,0.0,6.0
8,90,55,6381.64,1198.11,4,9,74.15,5.0
8,90,55,6415.45,997.46,6,10,0.0,6.0
8,90,55,6415.45,997.46,6,10,74.15,5.0
8,90,55,6428.25,1251.71,6,8,0.0,6.0
8,90,55,6428.25,1251.71,6,8,74.15,5.0
8,90,55,6471.07,1078.54,4,10,0.0,6.0
8,90,55,6471.07,1078.54,4,10,74.15,5.0
8,90,55,6561.7,997.2,4,10,0.0,6.0
8,90,55,6561.7,997.2,4,10,74.15,5.0
8,90,55,6993.25,588.88,6,11,0.0,6.0
8,90,55,6993.25,588.88,6,11,74.15,5.0
8,90,56,6428.25,1171.68,6,8,0.0,6.0
8,90,56,6428.25,1171.68,6,8,74.15,5.0
8,90,57,7103.21,1132.65,4,8,0.0,6.0
8,90,57,7103.21,1132.65,4,8,74.15,5.0
8,90,57,7906.88,766.16,4,12,0.0,6.0
8,90,57,7906.88,766.16,4,12,74.15,5.0
8,90,57,8189.41,752.13,4,12,0.0,6.0
8,90,57,8189.41,752.13,4,12,74.15,5.0
8,90,57,8189.41,752.13,4,12,0.0,6.0
8,90,57,8189.41,752.13,4,12,74.15,5.0
8,90,57,8213.36,752.13,4,11,0.0,6.0
8,90,57,8213.36,752.13,4,11,74.15,5.0
8,90,57,8272.22,719.68,4,11,0.0,6.0
8,90,57,8272.22,719.68,4,11,74.15,5.0
8,90,58,7095.76,1132.65,4,8,0.0,6.0
8,90,58,7095.76,1132.65,4,8,74.15,5.0
8,90,58,7843.64,706.77,4,12,0.0,6.0
8,90,58,7843.64,706.77,4,12,74.15,5.0
8,90,58,8028.14,766.16,4,11,0.0,6.0
8,90,58,8028.14,766.16,4,11,74.15,5.0
8,90,58,8217.98,719.68,4,11,0.0,6.0
8,90,58,8217.98,719.68,4,11,74.15,5.0
8,90,59,7840.02,706.77,4,12,0.0,6.0
8,90,59,7840.02,706.77,4,12,74.15,5.0
8,90,59,7901.74,766.16,4,11,0.0,6.0
8,90,59,7901.74,766.16,4,11,74.15,5.0
8,90,59,8085.12,706.77,4,11,0.0,6.0
8,90,59,8085.12,706.77,4,11,74.15,5.0
8,90,59,8085.12,706.77,4,11,0.0,6.0
8,90,59,8085.12,706.77,4,11,74.15,5.0
8,90,59,8210.57,706.77,4,10,0.0,6.0
8,90,59,8210.57,706.77,4,10,74.15,5.0
