Orders,Order Items,Driver Violation,Commute Distance,Transport Machines,Transport Attachments,Machines,Workers,Attachments
85,884,615,330188.38,69667.03,13431.31,65,118,206
85,884,728,371912.26,65842.43,13409.1,65,118,207
85,884,729,371912.26,65687.0,13409.1,65,118,207
85,884,730,371912.26,65491.01,13409.1,65,118,207
85,884,743,371880.63,42624.34,13416.87,65,118,206
85,884,744,371880.63,42443.13,13416.87,65,118,206
85,884,745,371814.48,43319.93,13506.05,65,118,207
85,884,745,372057.94,42683.26,13321.29,65,118,207
85,884,746,371761.01,43884.16,13102.87,65,118,208
85,884,746,371825.82,43579.58,13298.1,65,118,208
85,884,747,371512.75,43579.58,13298.1,65,118,208
85,884,747,371537.77,43579.58,13102.87,65,118,208
85,884,747,371920.56,44731.07,13287.6,65,118,206
85,884,747,372298.67,44731.07,13711.34,65,118,205
85,884,747,372298.67,44823.54,13711.34,65,118,204
85,884,748,371669.93,44365.27,13287.6,65,118,207
85,884,748,371895.96,44365.27,13287.6,65,118,206
85,884,748,372298.67,44811.38,14070.59,65,118,204
85,884,749,371634.65,44811.38,14087.23,65,118,204
85,884,751,372219.52,45005.76,14282.46,65,118,203
85,884,753,372995.75,45570.65,14256.33,65,118,203
85,884,753,373990.0,46271.34,14282.46,65,118,202
85,884,755,373990.0,48836.52,14265.83,65,118,202
85,884,756,373990.0,48772.08,14274.11,65,118,202
85,884,760,376383.36,51717.78,14965.01,65,118,201
85,884,762,315502.58,93098.7,13480.41,65,117,206
85,884,763,315234.96,93098.7,13480.41,65,117,206
85,884,763,376703.11,51437.91,14965.01,65,118,201
85,884,764,377079.36,53601.36,14921.34,65,118,201
85,884,765,314695.4,93098.7,13480.41,65,117,206
85,884,769,378209.04,56177.63,15370.03,65,118,200
85,884,769,378247.65,56177.63,15214.54,65,118,200
85,884,769,378266.26,54911.83,14981.19,65,118,200
85,884,769,378414.49,54624.0,14983.32,65,118,200
85,884,769,378414.49,54707.06,14981.19,65,118,200
85,884,770,378071.9,55906.43,15210.21,65,118,200
85,884,781,258276.2,93110.88,13592.55,65,116,204
85,884,782,258101.43,93110.88,13592.55,65,116,204
85,884,789,381373.27,63815.4,16371.98,65,118,199
85,884,789,381550.73,63815.4,16375.29,65,118,198
85,884,790,383940.69,63815.4,16375.29,65,118,197
85,884,790,383940.69,63815.4,16799.03,65,118,196
85,884,791,383033.12,63992.37,16791.19,65,118,196
85,884,791,384398.0,63815.4,16791.19,65,118,196
85,884,792,382673.26,64389.1,17099.22,65,118,196
85,884,792,382679.46,64595.73,17670.35,65,118,195
85,884,793,382673.26,64753.86,17670.35,65,118,195
85,884,795,382428.97,66635.81,18093.75,65,118,195
85,884,796,382428.97,66430.4,18093.75,65,118,196
85,884,802,387778.01,70370.43,18196.6,65,118,194
85,884,803,387778.01,70927.47,18191.18,65,118,194
85,884,805,388882.36,71477.27,17951.04,65,118,193
85,884,807,389494.21,76934.94,18451.47,65,118,192
85,884,807,390812.33,76913.03,18451.47,65,118,192
85,884,807,391236.72,76261.66,18634.13,65,118,192
85,884,807,391236.72,77031.88,18385.71,65,118,191
85,884,808,388778.53,76818.94,18827.36,65,118,192
85,884,808,389584.85,76681.43,18944.75,65,118,192
85,884,808,389584.85,76688.87,18827.36,65,118,192
85,884,808,390495.87,76681.43,18760.02,65,118,192
85,884,808,391269.58,76560.31,18184.89,65,118,192
85,884,809,389169.01,77180.95,18451.47,65,118,192
85,884,809,392180.6,76412.0,18184.89,65,118,192
85,884,810,392199.95,76063.28,18184.89,65,118,192
85,884,811,391913.59,76076.84,18184.89,65,118,192
85,884,812,388659.46,78417.62,18798.98,65,118,191
85,884,812,389062.17,78148.59,18798.98,65,118,191
85,884,812,389114.52,78095.13,19712.73,65,118,191
85,884,812,389172.48,78038.34,19353.47,65,118,191
85,884,812,389365.14,78031.53,19712.73,65,118,191
85,884,812,391426.92,76916.89,18812.56,65,118,191
85,884,812,391441.15,76905.27,18786.44,65,118,191
85,884,812,391662.02,76464.5,18184.89,65,118,192
85,884,812,391679.92,76076.84,18184.89,65,118,192
85,884,813,388182.56,78417.62,18782.35,65,118,191
85,884,813,391662.02,76459.33,18453.31,65,118,192
85,884,813,391662.02,76786.31,18786.44,65,118,191
85,884,815,387999.23,78556.2,19029.14,65,118,191
85,884,815,388596.35,78749.4,19454.34,65,118,190
85,884,817,388809.29,78817.67,19480.47,65,118,189
85,884,818,388335.39,79358.96,20467.89,65,118,189
85,884,819,388802.02,79355.18,20092.0,65,118,189
85,884,821,387836.6,80419.33,20286.02,65,118,189
85,884,821,387898.22,80030.41,20433.41,65,118,189
85,884,821,388456.19,80114.63,20394.15,65,118,189
85,884,822,385880.05,81177.44,20118.6,65,118,189
85,884,822,386035.67,80905.06,20088.89,65,118,190
85,884,822,386128.04,81113.46,20387.12,65,118,189
85,884,822,386165.15,81113.46,20179.17,65,118,189
85,884,822,386165.15,81177.44,20088.89,65,118,189
85,884,822,386530.48,80973.04,20118.6,65,118,189
85,884,822,387277.59,80531.42,19862.28,65,118,191
85,884,822,387548.68,80407.24,20221.54,65,118,190
85,884,822,387836.6,80404.31,20074.15,65,118,190
85,884,822,387836.6,80404.31,20286.02,65,118,189
85,884,823,386466.36,80335.75,20205.81,65,118,190
85,884,825,373251.66,93666.32,12368.66,65,118,63
85,884,825,373251.66,93666.32,12726.6,65,118,62
85,884,825,386466.36,80309.59,20205.81,65,118,190
85,884,826,350593.37,82083.09,19712.98,65,118,146
85,884,826,350593.37,82083.09,19938.53,65,118,145
85,884,826,350881.0,82986.3,17615.27,65,118,147
85,884,826,351081.38,82405.39,19776.75,65,118,144
85,884,826,351407.82,82083.09,19255.24,65,118,145
85,884,826,351688.46,82083.09,19249.53,65,118,145
85,884,826,351740.07,82000.75,20039.64,65,118,144
85,884,826,373247.37,93310.4,5323.38,65,118,90
85,884,826,373247.37,93310.4,5682.64,65,118,89
85,884,826,384857.09,80453.11,19675.64,65,118,190
85,884,826,384857.09,80582.28,19665.89,65,118,190
85,884,826,385110.99,80453.11,19481.36,65,118,191
85,884,826,385496.08,80512.4,19665.89,65,118,190
85,884,826,385640.38,80640.87,19459.44,65,118,190
85,884,826,385812.02,80468.04,19454.02,65,118,191
85,884,826,385848.17,79891.23,19459.44,65,118,190
85,884,827,350032.16,83906.48,17949.2,65,118,147
85,884,827,350412.19,83907.19,18882.82,65,118,146
85,884,827,350412.19,83910.87,18339.66,65,118,146
85,884,827,350637.12,82953.15,17631.9,65,118,147
85,884,827,350637.12,82986.3,17615.27,65,118,147
85,884,827,350908.8,82953.15,17420.03,65,118,148
85,884,827,351065.54,82142.5,19924.85,65,118,145
85,884,827,351065.54,82224.23,19277.73,65,118,145
85,884,827,351068.39,82224.23,19264.32,65,118,145
85,884,827,351068.39,82224.23,19626.89,65,118,144
85,884,827,351321.77,83808.37,17599.82,65,118,147
85,884,827,351403.61,82953.15,17420.03,65,118,147
85,884,827,351580.39,82189.79,19249.53,65,118,145
85,884,827,384350.9,80560.51,19440.75,65,118,191
85,884,827,384371.37,80597.96,19275.56,65,118,190
85,884,827,384371.37,80805.39,19495.29,65,118,189
85,884,827,384439.82,80573.08,19664.4,65,118,189
85,884,827,384439.82,80811.28,19470.79,65,118,189
85,884,827,384590.3,80997.91,20302.92,65,118,186
85,884,827,384732.55,80891.47,19884.13,65,118,188
85,884,827,384805.53,80997.91,19884.13,65,118,187
85,884,828,340490.79,76121.41,16102.81,65,118,160
85,884,828,340865.09,75843.58,16280.25,65,118,160
85,884,828,340865.09,76001.48,15920.99,65,118,161
85,884,828,341079.4,75713.21,16492.12,65,118,157
85,884,828,341079.4,75843.58,16280.25,65,118,159
85,884,828,341091.98,76121.41,15920.99,65,118,160
85,884,828,343103.44,77502.94,17343.27,65,118,142
85,884,828,343103.44,78674.34,16654.75,65,118,142
85,884,828,343130.41,77557.81,17611.68,65,118,141
85,884,828,343359.84,77549.82,17607.76,65,118,139
85,884,829,338973.28,76637.83,15346.12,65,118,161
85,884,829,338983.92,76402.1,15346.12,65,118,161
85,884,829,339036.92,76383.29,15407.29,65,118,162
85,884,829,339056.5,76637.83,15769.86,65,118,160
85,884,829,339404.0,76291.3,15242.66,65,118,160
85,884,829,339617.0,76283.48,15450.61,65,118,161
85,884,829,339669.18,76268.04,15785.79,65,118,160
85,884,829,339943.57,76121.41,16102.81,65,118,160
85,884,829,340507.47,76056.23,16296.88,65,118,157
85,884,829,340507.47,76056.23,16492.12,65,118,156
85,884,829,340878.81,75713.21,16492.12,65,118,157
85,884,829,341135.88,76279.93,15949.85,65,118,159
85,884,829,341548.85,76281.64,16145.09,65,118,158
85,884,829,341548.85,76281.64,16197.34,65,118,157
85,884,829,341661.75,77567.68,17607.76,65,118,139
85,884,829,341850.87,75942.1,15754.62,65,118,159
85,884,829,341866.41,77538.84,17607.76,65,118,139
85,884,829,342830.0,78630.88,16461.14,65,118,142
85,884,830,338997.2,76119.99,15869.96,65,118,160
85,884,830,339095.98,76119.99,15869.96,65,118,160
85,884,830,339404.0,76283.48,15450.61,65,118,161
85,884,830,339839.5,76119.99,15670.34,65,118,161
85,884,830,340507.47,76008.04,16492.12,65,118,157
85,884,830,341850.87,75529.63,16178.36,65,118,159
85,884,830,342595.54,78454.37,16461.14,65,118,142
85,884,830,348870.75,84276.77,15727.66,65,118,158
85,884,831,338061.18,80008.63,15421.32,65,118,161
85,884,831,338394.9,77147.92,15769.86,65,118,160
85,884,831,338807.27,79971.87,15421.32,65,118,161
85,884,831,341602.6,78229.69,15667.92,65,118,144
85,884,831,341602.6,78229.69,16037.4,65,118,143
85,884,831,341850.87,75268.84,16178.36,65,118,159
85,884,831,341850.87,75437.87,16416.35,65,118,158
85,884,831,342066.7,75437.87,16184.32,65,118,158
85,884,831,342106.54,78000.31,16037.4,65,118,143
85,884,831,342536.81,77832.6,16037.4,65,118,143
85,884,831,342595.54,78178.82,16461.14,65,118,142
85,884,831,342892.04,77832.6,16461.14,65,118,142
85,884,832,337553.7,80242.27,15871.67,65,118,157
85,884,832,338132.56,80008.63,15562.49,65,118,160
85,884,832,338394.9,77303.37,15683.9,65,118,161
85,884,832,338495.94,79824.11,15562.49,65,118,160
85,884,832,338764.69,79971.87,15412.25,65,118,161
85,884,832,338960.66,77020.11,16966.35,65,118,161
85,884,832,339169.06,79824.11,15026.18,65,118,161
85,884,832,339169.06,79824.11,15167.35,65,118,160
85,884,832,339471.18,79577.64,14955.39,65,118,163
85,884,832,339862.23,76927.42,14491.2,65,118,160
85,884,832,339878.86,76877.33,14491.2,65,118,160
85,884,832,340063.81,76856.03,14491.2,65,118,160
85,884,832,340191.07,78011.09,16215.49,65,118,143
85,884,832,340426.69,77895.45,16427.36,65,118,142
85,884,832,340590.77,77542.98,16759.54,65,118,146
85,884,832,340707.14,78341.06,15762.79,65,118,159
85,884,832,340707.14,78341.06,15852.83,65,118,158
85,884,832,341102.1,77647.28,15799.6,65,118,144
85,884,832,341359.91,77547.94,15868.57,65,118,143
85,884,832,341360.23,77913.99,16411.08,65,118,142
85,884,832,341362.88,77895.45,16116.18,65,118,142
85,884,832,341516.55,77913.99,16411.08,65,118,141
85,884,832,341637.46,77544.73,15868.57,65,118,143
85,884,832,341801.22,77660.63,16199.22,65,118,142
85,884,832,341830.36,78070.32,15667.92,65,118,144
85,884,832,341830.36,78070.32,15673.34,65,118,143
85,884,832,341841.31,75437.87,16184.32,65,118,158
85,884,832,342058.02,75629.47,15972.45,65,118,159
85,884,832,342151.15,77544.73,15673.34,65,118,143
85,884,833,337728.01,80274.24,15659.8,65,118,157
85,884,833,337730.33,80190.12,15785.72,65,118,158
85,884,833,337730.33,80451.69,15573.85,65,118,158
85,884,833,337795.66,80766.17,14807.69,65,118,161
85,884,833,338156.99,76791.1,14594.92,65,118,160
85,884,833,338214.23,80108.77,15606.56,65,118,159
85,884,833,338395.49,80091.18,15813.01,65,118,158
85,884,833,338943.52,76791.1,14491.2,65,118,160
85,884,833,339033.98,78185.47,18225.5,65,118,158
85,884,833,339198.2,78176.71,18225.5,65,118,158
85,884,833,339327.01,76877.33,14303.56,65,118,160
85,884,833,339528.86,76751.05,14491.2,65,118,159
85,884,833,339972.51,78316.83,16733.9,65,118,146
85,884,833,339980.1,78144.08,16516.95,65,118,147
85,884,833,340590.77,77491.46,16759.54,65,118,146
85,884,833,340922.23,75856.07,16279.21,65,118,159
85,884,833,341075.02,77913.99,16116.18,65,118,142
85,884,833,341625.26,75701.63,16474.45,65,118,159
85,884,833,341625.26,75997.15,16253.08,65,118,161
85,884,833,341738.07,77660.63,15783.32,65,118,143
85,884,833,341738.07,77660.63,16199.22,65,118,142
85,884,833,341830.36,77544.73,15673.34,65,118,143
85,884,834,336863.58,80399.23,15234.63,65,118,160
85,884,834,337245.84,80766.17,14807.69,65,118,161
85,884,834,337501.1,80448.9,14844.17,65,118,160
85,884,834,337967.61,80179.54,14809.46,65,118,161
85,884,834,337993.31,80174.38,14844.17,65,118,160
85,884,834,338214.19,78230.01,19374.45,65,118,152
85,884,834,338290.52,77991.38,19007.6,65,118,154
85,884,834,338409.91,80195.56,15658.17,65,118,158
85,884,834,338897.5,78434.02,18514.07,65,118,152
85,884,834,338912.25,77589.02,16418.55,65,118,145
85,884,834,339192.0,77574.11,15849.43,65,118,159
85,884,834,339301.74,77381.16,16444.68,65,118,145
85,884,834,339301.74,77796.84,16301.5,65,118,145
85,884,834,339301.74,77796.84,16806.21,65,118,144
85,884,834,339311.81,77698.5,15875.56,65,118,158
85,884,834,339327.01,76654.57,14303.56,65,118,159
85,884,834,339532.38,77548.57,16180.55,65,118,146
85,884,834,339532.38,77593.97,16388.5,65,118,145
85,884,834,339769.71,77383.69,16999.52,65,118,143
85,884,834,339938.55,77482.79,16392.42,65,118,146
85,884,834,340094.38,77552.93,14265.17,65,118,161
85,884,834,340209.19,77552.93,14069.93,65,118,161
85,884,834,340566.76,77629.95,16147.28,65,118,144
85,884,834,340566.76,77634.55,15756.81,65,118,144
85,884,834,340859.8,77600.21,13861.99,65,118,162
85,884,834,340924.4,77365.1,14073.86,65,118,162
85,884,834,341573.86,77660.63,15783.32,65,118,143
85,884,834,342345.18,77572.24,13020.62,65,118,162
85,884,834,342345.18,77572.24,13110.66,65,118,161
85,884,834,343012.3,76640.34,14486.33,65,118,156
85,884,834,343012.3,76655.82,14694.28,65,118,155
85,884,834,343228.93,76640.34,14291.1,65,118,156
85,884,834,343362.08,76524.3,13619.88,65,118,157
85,884,834,343489.39,76524.3,14325.44,65,118,156
85,884,834,344009.45,76299.72,13775.08,65,118,160
85,884,835,335143.68,79684.42,15808.88,65,118,158
85,884,835,335718.35,79688.57,16682.75,65,118,156
85,884,835,335751.11,78894.81,16609.47,65,118,158
85,884,835,335751.11,79098.96,17033.21,65,118,157
85,884,835,335792.45,79188.31,16373.67,65,118,158
85,884,835,335792.45,79188.31,16463.71,65,118,157
85,884,835,335792.45,79228.57,15808.88,65,118,158
85,884,835,335937.53,79489.49,16049.31,65,118,157
85,884,835,336161.72,78474.09,17426.9,65,118,157
85,884,835,336485.5,78542.58,17218.95,65,118,157
85,884,835,336485.5,78651.52,17033.21,65,118,157
85,884,835,336652.82,80023.77,14830.36,65,118,160
85,884,835,336652.82,80023.77,15042.23,65,118,159
85,884,835,336799.84,78308.28,17548.65,65,118,157
85,884,835,336875.24,80766.17,14807.69,65,118,161
85,884,835,336978.15,78340.65,17426.9,65,118,157
85,884,835,337232.88,79386.6,16304.77,65,118,156
85,884,835,337233.29,79712.85,16498.37,65,118,155
85,884,835,337233.29,79712.85,16735.3,65,118,154
85,884,835,338214.19,77960.83,18997.1,65,118,153
85,884,835,338214.19,78230.01,19366.59,65,118,152
85,884,835,338384.22,79875.06,15658.17,65,118,158
85,884,835,338717.84,77947.1,18351.61,65,118,159
85,884,835,338717.84,77947.1,18679.86,65,118,157
85,884,835,338888.77,77796.84,16806.21,65,118,144
85,884,835,339032.24,76654.57,14303.56,65,118,159
85,884,835,339224.76,77892.53,17046.06,65,118,143
85,884,835,339227.09,77750.77,17032.7,65,118,143
85,884,835,339259.68,78353.75,16084.09,65,118,150
85,884,835,339259.68,78534.71,16084.09,65,118,149
85,884,835,339272.63,77819.39,16999.52,65,118,143
85,884,835,339334.89,77796.84,16684.33,65,118,144
85,884,835,339452.92,78367.1,15781.94,65,118,150
85,884,835,339453.15,78741.76,15409.0,65,118,151
85,884,835,339474.82,78474.19,15358.2,65,118,151
85,884,835,339647.26,78453.34,15409.0,65,118,151
85,884,835,339933.44,76651.52,15421.74,65,118,159
85,884,835,339979.13,78347.74,16084.09,65,118,149
85,884,835,340026.49,76497.9,14303.56,65,118,159
85,884,835,340116.41,78754.69,15040.97,65,118,151
85,884,835,340149.74,77322.84,16724.75,65,118,144
85,884,835,340149.74,77550.79,16422.6,65,118,144
85,884,835,340210.34,75846.76,16279.21,65,118,159
85,884,835,340338.29,77425.63,16210.73,65,118,144
85,884,835,340339.03,77747.19,15469.99,65,118,149
85,884,835,340400.24,76351.94,14275.62,65,118,159
85,884,835,340566.49,77799.35,16002.78,65,118,145
85,884,835,340638.46,77365.1,14163.18,65,118,161
85,884,835,340731.43,77729.41,15635.22,65,118,144
85,884,835,340852.51,77676.21,15167.93,65,118,149
85,884,835,340852.51,77747.19,15018.91,65,118,149
85,884,835,340898.97,76241.06,14699.36,65,118,157
85,884,835,340898.97,76241.06,14894.6,65,118,156
85,884,835,341046.21,77583.6,16147.28,65,118,144
85,884,835,341213.49,77568.17,15469.99,65,118,150
85,884,835,341249.19,77595.78,15957.46,65,118,144
85,884,835,341284.08,77568.17,15469.99,65,118,149
85,884,835,341303.98,77583.6,15957.46,65,118,144
85,884,835,341743.03,77933.84,12892.11,65,118,161
85,884,835,341864.36,77459.28,13110.66,65,118,161
85,884,835,342082.5,76085.64,15053.54,65,118,156
85,884,835,342279.16,77900.74,13020.62,65,118,162
85,884,835,342359.18,77459.28,13110.66,65,118,160
85,884,835,342367.78,76583.8,13444.41,65,118,159
85,884,835,342477.43,77860.31,12944.36,65,118,162
85,884,835,342477.43,77900.74,12756.49,65,118,163
85,884,835,342695.37,77900.74,12808.75,65,118,162
85,884,835,342723.63,76666.76,13444.41,65,118,158
85,884,835,342723.63,77240.27,13206.41,65,118,160
85,884,835,342723.63,77260.4,13418.28,65,118,159
85,884,835,342877.28,76376.79,13444.41,65,118,159
85,884,835,342884.77,76299.24,13232.54,65,118,160
85,884,835,342884.77,76299.24,13444.41,65,118,159
85,884,835,342917.6,76582.59,13444.41,65,118,158
85,884,835,343012.3,76085.64,14694.28,65,118,155
85,884,835,343066.04,76299.24,13987.54,65,118,158
85,884,835,343264.51,76508.86,13542.96,65,118,157
85,884,835,343264.51,76850.79,13304.96,65,118,158
85,884,835,343264.51,76850.79,13516.83,65,118,157
85,884,835,343760.44,76696.78,13120.23,65,118,158
85,884,835,344005.28,76676.15,12872.74,65,118,161
85,884,835,344005.28,76676.15,13162.36,65,118,160
85,884,835,344005.28,76696.78,12898.87,65,118,160
85,884,836,334511.1,79600.78,16572.24,65,118,155
85,884,836,334734.17,79569.44,16572.24,65,118,155
85,884,836,334847.07,79569.44,16451.53,65,118,155
85,884,836,335054.96,79569.44,16352.51,65,118,155
85,884,836,335143.68,79358.0,15808.88,65,118,158
85,884,836,335177.29,79600.78,16257.26,65,118,156
85,884,836,335460.95,79569.44,16451.53,65,118,154
85,884,836,335466.71,78933.98,16463.71,65,118,157
85,884,836,335751.11,78877.22,16804.7,65,118,157
85,884,836,335894.79,79383.09,15808.88,65,118,157
85,884,836,335894.79,79383.09,16157.24,65,118,156
85,884,836,336751.21,78325.46,17548.65,65,118,157
85,884,836,336889.11,79726.86,15658.17,65,118,158
85,884,836,337069.03,80806.55,14804.4,65,118,161
85,884,836,337419.79,78626.71,17036.13,65,118,158
85,884,836,337753.71,78334.75,17062.64,65,118,158
85,884,836,337768.3,78325.46,17336.78,65,118,158
85,884,836,338013.48,78254.23,16867.41,65,118,157
85,884,836,338013.48,78298.85,16841.28,65,118,157
85,884,836,338789.57,79970.7,18681.55,65,118,153
85,884,836,338789.57,80096.96,18552.88,65,118,153
85,884,836,339616.02,77459.01,15456.73,65,118,151
85,884,836,339616.02,77463.86,15248.78,65,118,152
85,884,836,339663.26,77739.62,15863.83,65,118,150
85,884,836,339663.26,77739.62,16077.17,65,118,149
85,884,836,339846.76,78871.92,15040.97,65,118,151
85,884,836,340014.3,75914.92,16279.21,65,118,159
85,884,836,340262.59,77800.96,15399.13,65,118,150
85,884,836,340406.05,77739.62,15230.03,65,118,149
85,884,836,340679.38,77568.17,15466.07,65,118,150
85,884,836,341121.25,76086.24,14551.98,65,118,157
85,884,836,341121.25,76107.92,14894.6,65,118,156
85,884,836,341877.04,76086.24,14906.15,65,118,156
85,884,836,342631.37,77240.27,13206.41,65,118,160
85,884,836,343301.06,77930.12,12892.11,65,118,161
85,884,836,352901.47,83484.61,17163.26,65,118,140
85,884,837,335057.31,79411.53,16451.53,65,118,155
85,884,837,335427.85,79338.52,16451.53,65,118,156
85,884,837,335427.85,79383.09,16131.12,65,118,156
85,884,837,335820.74,79338.52,16239.66,65,118,156
85,884,837,337192.91,78435.86,16795.13,65,118,160
85,884,837,337192.91,78596.03,16978.58,65,118,159
85,884,837,337378.39,78410.82,17112.9,65,118,159
85,884,837,337378.39,78410.82,17324.77,65,118,158
85,884,837,337378.39,78517.01,16978.58,65,118,159
85,884,837,337419.79,78435.86,17003.08,65,118,159
85,884,837,337419.79,78435.86,17013.92,65,118,158
85,884,837,337521.43,78349.46,17129.53,65,118,158
85,884,837,337705.74,78349.46,17062.64,65,118,158
85,884,837,338013.48,78226.82,16867.41,65,118,157
85,884,837,338722.04,80100.49,18681.55,65,118,153
85,884,837,338907.63,77633.93,16088.89,65,118,150
85,884,837,338907.63,77636.73,15847.02,65,118,150
85,884,837,338907.63,77729.88,15729.63,65,118,150
85,884,837,338947.04,78006.38,15212.17,65,118,149
85,884,837,338947.04,78006.38,15302.2,65,118,148
85,884,837,338952.54,77806.43,15541.43,65,118,148
85,884,837,338952.54,77858.76,15329.56,65,118,148
85,884,837,339537.44,77515.29,15754.93,65,118,149
85,884,837,339578.1,77485.25,15847.02,65,118,149
85,884,837,339578.1,77515.29,15703.5,65,118,149
85,884,837,339816.37,77483.0,15679.41,65,118,150
85,884,837,339816.37,77633.93,15636.04,65,118,150
85,884,837,339888.31,77479.5,15399.13,65,118,149
85,884,837,340124.86,78681.72,15040.97,65,118,151
85,884,837,340126.01,78660.46,15040.97,65,118,151
85,884,837,340553.85,77456.4,15053.55,65,118,152
85,884,837,340681.57,77556.06,15053.55,65,118,151
85,884,837,341269.59,77556.73,15053.55,65,118,151
85,884,837,341356.21,77738.14,14903.62,65,118,154
85,884,837,341467.91,76086.24,15123.1,65,118,156
85,884,837,341642.62,77427.92,15363.16,65,118,149
85,884,837,341762.81,77320.74,15363.16,65,118,149
85,884,837,341762.81,77321.13,15361.53,65,118,149
85,884,837,341764.98,76086.24,14954.0,65,118,156
85,884,837,343677.2,77870.97,12696.12,65,118,162
85,884,837,343815.04,77831.66,12696.12,65,118,162
85,884,837,344399.33,77544.22,12696.12,65,118,162
85,884,837,348697.58,77694.8,14855.6,65,118,151
85,884,837,348697.58,77699.4,15067.47,65,118,150
85,884,837,350263.34,84910.59,19689.7,65,118,137
85,884,837,350479.96,83804.12,19689.7,65,118,138
85,884,837,352300.4,83481.59,17163.26,65,118,140
85,884,837,352402.46,83484.61,17358.49,65,118,139
85,884,837,352585.07,83449.39,17163.26,65,118,140
85,884,837,352641.23,83423.67,17538.64,65,118,140
85,884,837,352663.27,83617.69,16985.34,65,118,140
85,884,837,353510.37,83187.32,17358.49,65,118,138
85,884,837,353973.08,83091.37,16934.75,65,118,139
85,884,838,338676.52,77376.66,14482.87,65,118,161
85,884,838,339174.62,78561.2,15083.4,65,118,149
85,884,838,339418.08,78447.45,15083.4,65,118,149
85,884,838,340037.99,78423.87,15261.1,65,118,148
85,884,838,340037.99,78423.87,15526.06,65,118,147
85,884,838,340313.31,77980.21,15314.19,65,118,147
85,884,838,340634.78,76092.12,15312.86,65,118,163
85,884,838,340634.78,76170.8,15524.73,65,118,162
85,884,838,341011.7,75484.6,15524.73,65,118,163
85,884,838,341057.27,75497.57,15524.73,65,118,162
85,884,838,342152.25,77898.78,14852.83,65,118,155
85,884,838,342334.67,77352.22,14780.04,65,118,156
85,884,838,342334.67,77352.22,14975.28,65,118,155
85,884,838,342368.31,77369.19,14852.83,65,118,155
85,884,838,346045.73,77560.24,13028.32,65,118,159
85,884,838,346180.12,77544.22,12701.54,65,118,160
85,884,838,346180.12,77544.22,13028.32,65,118,159
85,884,838,346898.72,77991.25,14931.67,65,118,150
85,884,838,347210.22,77022.98,14462.06,65,118,152
85,884,838,347210.22,77303.24,14450.27,65,118,153
85,884,838,347426.05,77541.58,14424.0,65,118,151
85,884,838,347426.05,77541.58,14429.42,65,118,150
85,884,838,348052.54,77459.36,15207.69,65,118,150
85,884,838,348052.54,77459.36,15233.81,65,118,149
85,884,838,348991.97,85599.7,19648.29,65,118,137
85,884,838,351886.98,84635.21,17199.32,65,118,140
85,884,838,352012.27,83490.71,19299.24,65,118,138
85,884,838,352159.5,83521.35,16951.39,65,118,140
85,884,838,352572.77,83616.37,18637.43,65,118,138
85,884,838,352641.23,83276.6,18442.19,65,118,138
85,884,838,353321.87,83424.7,17391.25,65,118,140
85,884,838,353416.53,83424.7,17209.43,65,118,140
85,884,838,353891.62,83091.37,17318.86,65,118,139
85,884,839,338164.85,78059.36,16156.19,65,118,158
85,884,839,338184.15,77948.62,15960.95,65,118,159
85,884,839,338188.62,78134.16,15936.46,65,118,159
85,884,839,338249.83,78215.79,16529.03,65,118,157
85,884,839,338381.88,77931.24,15960.95,65,118,159
85,884,839,338980.58,77872.81,15083.58,65,118,159
85,884,839,339120.54,78543.84,15035.56,65,118,149
85,884,839,339430.75,78187.92,15200.24,65,118,147
85,884,839,339430.75,78203.78,15132.23,65,118,147
85,884,839,339761.63,78241.94,15229.67,65,118,145
85,884,839,339761.63,78245.33,15229.67,65,118,144
85,884,839,340131.21,78066.32,15200.24,65,118,147
85,884,839,340460.67,75363.12,16078.21,65,118,165
85,884,839,340591.0,78245.33,15200.24,65,118,145
85,884,839,340813.82,78066.32,15200.24,65,118,145
85,884,839,341011.7,75363.12,15878.57,65,118,164
85,884,839,341011.7,75363.12,15883.99,65,118,163
85,884,839,341176.08,79100.09,14577.5,65,118,153
85,884,839,341670.89,79100.09,14577.5,65,118,152
85,884,839,341686.61,77352.22,14975.28,65,118,155
85,884,839,342430.13,79185.82,14572.82,65,118,152
85,884,839,342711.44,79454.8,14784.69,65,118,151
85,884,839,342762.42,78636.68,14949.6,65,118,153
85,884,839,345630.05,77527.69,12896.9,65,118,159
85,884,839,346247.6,76808.9,14555.17,65,118,152
85,884,839,346247.6,77022.98,14616.34,65,118,151
85,884,839,346299.2,77022.98,14462.06,65,118,152
85,884,839,346340.48,77022.98,14435.93,65,118,152
85,884,839,348009.78,77459.36,15233.81,65,118,149
85,884,839,349114.37,85323.99,19846.41,65,118,136
85,884,839,349182.85,85243.17,19634.54,65,118,137
85,884,839,349182.85,85243.17,19846.41,65,118,136
85,884,839,349246.37,85220.68,19634.54,65,118,138
85,884,839,351886.98,84639.42,17171.57,65,118,140
85,884,839,353346.76,83424.7,17209.43,65,118,140
85,884,839,353877.04,83334.46,17318.86,65,118,139
85,884,840,339761.63,78001.91,15229.67,65,118,146
85,884,840,339830.77,78157.52,14844.62,65,118,148
85,884,840,339876.41,78157.52,14839.2,65,118,148
85,884,840,341481.85,78047.58,14844.62,65,118,148
85,884,840,341670.89,79051.49,14577.5,65,118,152
85,884,840,341745.45,78857.75,14218.24,65,118,153
85,884,840,341745.74,79185.82,14572.82,65,118,152
85,884,840,341766.05,76967.87,15361.53,65,118,149
85,884,840,346054.97,77526.58,12896.9,65,118,159
85,884,840,346279.2,76779.32,14207.51,65,118,154
85,884,840,347262.04,77810.41,15213.11,65,118,148
85,884,840,347949.28,77599.89,15233.81,65,118,149
85,884,840,347949.28,77669.89,15207.69,65,118,149
85,884,840,349657.49,83428.32,17880.75,65,117,159
85,884,840,351405.31,83228.0,16998.24,65,117,156
85,884,840,351581.7,83228.0,15601.2,65,117,156
85,884,840,351889.79,84449.76,17171.57,65,118,140
85,884,840,351947.95,84491.29,16903.16,65,118,139
85,884,840,352171.09,83228.0,15571.69,65,117,156
85,884,840,352430.6,83261.37,15578.28,65,117,155
85,884,840,352856.11,83092.58,15571.69,65,117,155
85,884,840,353280.66,83424.7,17209.43,65,118,139
85,884,840,353506.39,83107.77,17031.94,65,118,140
85,884,840,353511.74,83043.88,16998.18,65,118,140
85,884,840,353511.74,83081.01,17394.78,65,118,139
85,884,840,353511.74,83223.99,17209.43,65,118,139
85,884,841,333141.33,78116.15,16460.51,65,118,158
85,884,841,333421.54,78887.92,16331.85,65,118,158
85,884,841,333726.81,77846.39,16612.98,65,118,159
85,884,841,333726.81,77846.39,16639.11,65,118,158
85,884,841,334192.37,77783.41,16639.11,65,118,158
85,884,841,334212.94,77773.88,16314.16,65,118,158
85,884,841,334512.73,78256.43,16109.32,65,118,160
85,884,841,334512.73,78256.43,16135.45,65,118,159
85,884,841,338484.92,82179.44,17316.15,65,118,153
85,884,841,338523.71,77990.68,15615.72,65,118,158
85,884,841,338779.68,81960.45,17316.15,65,118,153
85,884,841,339644.25,76139.91,17231.24,65,118,159
85,884,841,340880.72,78129.39,14844.62,65,118,148
85,884,841,340990.65,78047.58,14844.62,65,118,148
85,884,841,341316.17,78857.75,14802.31,65,118,152
85,884,841,341732.38,78857.75,14607.08,65,118,153
85,884,841,341789.46,77573.22,14796.77,65,118,149
85,884,841,341846.22,76967.87,15229.3,65,118,150
85,884,841,341848.43,76966.95,15229.3,65,118,150
85,884,841,342023.0,77186.62,14975.28,65,118,155
85,884,841,345870.43,77526.58,12896.9,65,118,159
85,884,841,346011.55,77262.37,13995.64,65,118,155
85,884,841,346175.73,76293.41,14207.51,65,118,154
85,884,841,346175.73,76293.41,14402.74,65,118,153
85,884,841,346191.33,76278.52,14207.51,65,118,154
85,884,841,346247.6,76433.93,14555.17,65,118,152
85,884,841,347058.77,83078.73,18249.51,65,117,159
85,884,841,347348.51,83054.27,18052.68,65,117,160
85,884,841,347348.51,83077.71,18411.94,65,117,159
85,884,841,347348.51,83565.88,17840.81,65,117,160
85,884,841,347957.2,84867.8,17445.58,65,118,140
85,884,841,348124.97,84814.99,17445.58,65,118,140
85,884,841,348527.95,83622.8,17892.37,65,117,158
85,884,841,349054.65,84143.01,17651.52,65,117,160
85,884,841,349086.16,83653.64,17892.37,65,117,157
85,884,841,349086.16,84063.22,17860.27,65,117,157
85,884,841,349356.07,84143.01,17699.37,65,117,159
85,884,841,349407.7,84348.65,17699.37,65,117,158
85,884,841,349407.7,84598.51,17504.13,65,117,157
85,884,841,349507.09,84004.8,17696.18,65,117,156
85,884,841,349562.76,83915.02,17860.27,65,117,156
85,884,841,349562.76,83915.02,18080.01,65,117,155
85,884,841,349657.49,83412.21,17880.75,65,117,159
85,884,841,349684.28,83379.31,17892.37,65,117,159
85,884,841,349725.58,83564.55,17374.16,65,117,158
85,884,841,349884.33,83791.02,18080.01,65,117,155
85,884,841,350179.73,84685.01,17345.23,65,117,158
85,884,841,350231.85,84699.61,16903.16,65,118,140
85,884,841,350563.14,83381.32,17374.16,65,117,158
85,884,841,350595.94,84685.01,17181.21,65,117,158
85,884,841,350890.27,83228.0,16711.17,65,117,156
85,884,841,351089.8,83087.56,17294.97,65,117,158
85,884,841,351089.8,83087.56,17534.76,65,117,157
85,884,841,351283.61,83199.23,17375.89,65,117,155
85,884,841,351564.86,83160.14,17375.89,65,117,155
85,884,841,351564.86,83237.85,17164.02,65,117,155
85,884,841,351619.01,84688.65,16903.16,65,118,140
85,884,841,351625.75,83087.56,17284.13,65,117,159
85,884,841,352203.15,83029.0,17523.91,65,117,157
85,884,841,352537.6,82881.22,17328.68,65,117,158
85,884,841,352537.6,82884.84,17523.91,65,117,157
85,884,841,352884.98,82586.77,16562.32,65,117,160
85,884,841,353338.55,82469.44,16562.32,65,117,160
85,884,841,353406.33,82469.44,16350.45,65,117,160
85,884,842,332170.26,78887.9,16331.85,65,118,158
85,884,842,332241.98,78892.23,15520.02,65,118,158
85,884,842,332882.19,78488.23,15917.96,65,118,158
85,884,842,333218.51,78357.86,16113.2,65,118,158
85,884,842,333590.83,77710.76,16109.32,65,118,160
85,884,842,334143.92,78435.18,15875.2,65,118,161
85,884,842,334157.2,78486.52,15901.33,65,118,160
85,884,842,334192.37,77710.4,16639.11,65,118,158
85,884,842,334638.73,78430.51,15663.33,65,118,161
85,884,842,334757.36,78579.5,15725.65,65,118,160
85,884,842,334757.36,78579.5,15751.78,65,118,159
85,884,842,334830.47,78737.48,15451.07,65,118,161
85,884,842,334830.47,78737.48,15646.31,65,118,160
85,884,842,334903.16,78490.45,15451.07,65,118,161
85,884,842,334983.41,78564.06,15701.16,65,118,160
85,884,842,335013.26,78561.1,15255.84,65,118,162
85,884,842,335193.11,78564.06,15751.78,65,118,159
85,884,842,335773.85,78358.35,15701.16,65,118,160
85,884,842,335932.37,78358.35,15563.26,65,118,160
85,884,842,338195.18,82114.95,17316.15,65,118,153
85,884,842,338475.44,76250.2,17443.11,65,118,158
85,884,842,338475.44,76420.52,17654.98,65,118,157
85,884,842,338562.32,82068.86,17496.18,65,118,153
85,884,842,339056.77,76394.5,17606.64,65,118,157
85,884,842,339056.77,76541.26,17504.26,65,118,157
85,884,842,340153.14,76861.28,17223.18,65,118,157
85,884,842,341577.28,77556.78,15017.43,65,118,150
85,884,842,341789.46,77549.69,15212.67,65,118,149
85,884,842,341931.27,77520.07,15017.43,65,118,150
85,884,842,343613.13,77549.27,13123.66,65,118,157
85,884,842,343613.13,77554.81,12915.72,65,118,157
85,884,842,344425.02,77554.81,13264.08,65,118,156
85,884,842,344425.02,77554.81,13652.92,65,118,155
85,884,842,344639.54,77179.73,13693.24,65,118,156
85,884,842,344659.67,77391.89,12616.8,65,118,160
85,884,842,344783.98,77203.26,13032.7,65,118,159
85,884,842,344783.98,77227.72,12825.84,65,118,158
85,884,842,344783.98,77627.21,12825.84,65,118,157
85,884,842,345186.75,76904.15,13693.24,65,118,156
85,884,842,345221.91,77262.37,13995.64,65,118,155
85,884,842,347348.51,83688.19,18486.27,65,117,158
85,884,842,349046.53,84466.85,17504.13,65,117,157
85,884,842,349141.41,83865.67,17299.4,65,117,159
85,884,842,350211.25,83822.78,17299.4,65,117,159
85,884,842,350469.83,84607.53,16842.8,65,117,159
85,884,842,350469.83,84685.01,16971.46,65,117,158
85,884,842,350590.54,84242.17,17269.46,65,117,159
85,884,842,352430.6,82902.79,15578.28,65,117,155
85,884,842,352579.97,82586.77,16921.58,65,117,160
85,884,842,352579.97,82586.77,17116.81,65,117,159
85,884,842,352579.97,82586.77,17328.68,65,117,158
85,884,842,352720.4,82403.82,16838.67,65,117,160
85,884,842,352812.96,82170.96,16562.32,65,117,161
85,884,842,353135.27,82263.29,16838.67,65,117,160
85,884,842,353322.0,82170.96,16986.06,65,117,160
85,884,842,353368.78,82469.44,16350.45,65,117,160
85,884,843,331494.95,78779.37,15520.02,65,118,158
85,884,843,331962.4,78488.23,15698.23,65,118,158
85,884,843,333504.71,77846.27,16612.98,65,118,159
85,884,843,333683.3,77776.42,16226.71,65,118,159
85,884,843,333683.3,77832.79,15984.86,65,118,160
85,884,843,334233.12,77832.79,15984.52,65,118,160
85,884,843,335531.37,78037.82,16178.87,65,118,159
85,884,843,335698.91,78355.22,15953.32,65,118,160
85,884,843,335889.92,78036.77,16178.87,65,118,159
85,884,843,335980.15,78355.22,15563.26,65,118,161
85,884,843,336091.11,78036.77,15953.32,65,118,160
85,884,843,336518.21,78037.82,16194.57,65,118,158
85,884,843,337611.32,76151.03,17654.98,65,118,157
85,884,843,338046.56,76916.58,17062.2,65,118,157
85,884,843,338318.97,77595.49,16824.31,65,118,156
85,884,843,338318.97,77674.02,16946.19,65,118,155
85,884,843,338522.34,76135.38,17654.98,65,118,157
85,884,843,339210.65,76714.8,16678.71,65,118,157
85,884,843,339235.38,76102.77,17814.59,65,118,157
85,884,843,339235.38,76102.77,17866.85,65,118,156
85,884,843,339255.07,76102.77,17654.98,65,118,157
85,884,843,339447.99,75167.09,16424.9,65,118,165
85,884,843,339596.87,77729.3,15403.85,65,118,158
85,884,843,339611.82,76955.53,16369.44,65,118,157
85,884,843,339612.86,75167.09,16279.44,65,118,166
85,884,843,339628.85,76916.58,17062.2,65,118,156
85,884,843,339665.76,75179.69,16720.77,65,118,164
85,884,843,340153.14,76683.4,17223.18,65,118,157
85,884,843,340193.96,77365.11,16010.18,65,118,158
85,884,843,340220.9,75735.32,17021.62,65,118,162
85,884,843,340317.06,77366.17,15835.11,65,118,158
85,884,843,340501.98,75424.99,16969.37,65,118,163
85,884,843,340637.11,75784.06,17216.86,65,118,161
85,884,843,340653.15,74984.77,16424.9,65,118,165
85,884,843,340653.15,75276.16,16078.21,65,118,165
85,884,843,340653.23,77307.78,16010.18,65,118,158
85,884,843,340677.9,75088.8,16720.77,65,118,164
85,884,843,340845.42,75004.25,16508.9,65,118,164
85,884,843,341275.57,75199.49,16154.7,65,118,164
85,884,843,341275.57,75199.49,16366.57,65,118,163
85,884,843,344126.59,77654.48,13602.14,65,118,156
85,884,843,344181.0,77286.56,13602.14,65,118,156
85,884,843,344583.34,77552.23,13652.92,65,118,155
85,884,843,344597.51,77200.71,13693.24,65,118,155
85,884,843,344637.64,77198.24,13693.24,65,118,156
85,884,843,345221.91,76904.15,13905.11,65,118,155
85,884,843,349028.81,84574.2,17500.84,65,117,157
85,884,843,349673.02,84394.02,17241.37,65,117,158
85,884,843,349958.02,83838.16,16985.33,65,117,160
85,884,843,349980.46,83838.16,17299.4,65,117,159
85,884,843,350025.84,84401.04,17029.5,65,117,158
85,884,843,350590.1,84064.19,17269.46,65,117,159
85,884,843,350692.53,83838.16,17197.2,65,117,159
85,884,843,352081.46,82403.82,16838.67,65,117,160
85,884,843,352430.6,82426.87,15578.28,65,117,154
85,884,844,333513.31,78051.59,16680.36,65,118,157
85,884,844,333782.77,78007.49,15984.52,65,118,160
85,884,844,333782.77,78007.49,16378.21,65,118,156
85,884,844,336158.56,78034.51,16194.57,65,118,158
85,884,844,336476.7,77725.11,16401.02,65,118,155
85,884,844,336607.53,77754.87,16189.15,65,118,158
85,884,844,337032.91,77726.07,16194.57,65,118,158
85,884,844,338553.06,76695.78,16728.7,65,118,157
85,884,844,338560.82,77701.34,16709.11,65,118,155
85,884,844,338688.47,77202.87,17800.99,65,118,155
85,884,844,339040.48,76902.11,17833.55,65,118,154
85,884,844,339239.4,76911.69,16728.7,65,118,156
85,884,844,339257.61,76955.53,16369.44,65,118,157
85,884,844,339299.95,76695.78,16940.57,65,118,156
85,884,844,339320.95,76695.78,16728.7,65,118,156
85,884,844,339447.99,74984.77,16424.9,65,118,165
85,884,844,339449.28,76624.55,17299.82,65,118,155
85,884,844,339449.28,76883.7,17833.55,65,118,154
85,884,844,348322.73,84253.24,18486.27,65,117,157
85,884,844,348391.94,84253.24,18413.18,65,117,157
85,884,844,348569.65,84253.24,17855.66,65,117,157
85,884,844,348624.52,84189.85,18081.2,65,117,156
85,884,844,349410.33,84189.85,18081.2,65,117,155
85,884,844,349954.28,84305.33,16817.63,65,117,158
85,884,844,349954.28,84393.06,16597.9,65,117,158
85,884,844,349954.28,84656.75,16389.95,65,117,159
85,884,844,350025.84,84134.03,16817.63,65,117,158
85,884,844,350158.3,84571.35,16389.95,65,117,160
85,884,844,350347.19,82681.54,17073.12,65,117,156
85,884,844,352430.6,81827.34,15578.28,65,117,154
85,884,844,352430.6,81924.58,16371.84,65,117,153
85,884,844,356485.14,82630.84,15112.3,65,117,156
85,884,844,356633.88,82261.82,15112.3,65,117,155
85,884,844,357223.89,82801.98,14816.31,65,117,156
85,884,844,357288.62,82596.95,14816.31,65,117,156
85,884,844,357496.03,82424.21,14917.07,65,117,155
85,884,844,357496.03,82424.21,15112.3,65,117,154
85,884,844,357535.08,82222.96,15112.3,65,117,154
85,884,844,357652.59,82421.61,14917.07,65,117,155
85,884,844,358208.36,82664.51,14604.44,65,117,156
85,884,844,358208.36,82800.88,14721.84,65,117,155
85,884,845,333513.31,77948.06,16680.36,65,118,157
85,884,845,333858.28,77892.17,16682.34,65,118,157
85,884,845,333858.28,77901.81,16682.34,65,118,156
85,884,845,334035.04,77827.04,16681.99,65,118,157
85,884,845,334778.4,77753.51,16958.63,65,118,156
85,884,845,338377.22,77990.11,15880.67,65,118,156
85,884,845,338669.16,77188.76,17745.0,65,118,156
85,884,845,338688.47,77199.65,17800.99,65,118,155
85,884,845,342656.41,82056.17,14191.79,65,118,151
85,884,845,348279.98,82963.92,17885.97,65,117,155
85,884,845,348279.98,82965.77,18097.84,65,117,154
85,884,845,348409.74,82963.92,17674.1,65,117,155
85,884,845,348591.96,84216.07,18081.2,65,117,154
85,884,845,348652.46,84125.0,18081.2,65,117,154
85,884,845,350084.21,82665.98,17073.12,65,117,157
85,884,845,350492.98,82288.78,17750.45,65,117,157
85,884,845,351784.19,82595.31,17046.99,65,117,157
85,884,845,351908.64,82789.22,16838.67,65,117,159
85,884,845,351930.56,82502.31,17656.0,65,117,157
85,884,845,352045.57,82595.31,17499.84,65,117,156
85,884,845,352139.66,81814.99,16371.84,65,117,153
85,884,845,352566.06,81814.99,16176.6,65,117,154
85,884,845,352629.62,81769.36,16117.76,65,117,155
85,884,845,352658.66,81643.27,16176.6,65,117,153
85,884,845,356001.61,81762.53,14684.77,65,117,155
85,884,845,356303.61,81848.49,15011.55,65,117,154
85,884,845,356306.04,81848.49,14816.31,65,117,154
85,884,846,335405.13,77955.93,16436.71,65,118,156
85,884,846,335532.45,77889.49,16958.63,65,118,155
85,884,846,338040.42,78266.82,16049.78,65,118,156
85,884,846,338188.15,78541.39,15907.81,65,118,155
85,884,846,338195.95,77873.12,16049.78,65,118,156
85,884,846,338195.95,77976.23,15880.67,65,118,156
85,884,846,338377.22,77708.97,15880.67,65,118,156
85,884,846,338442.31,77737.32,15522.05,65,118,156
85,884,846,338669.16,77180.12,17745.0,65,118,156
85,884,846,338697.64,78505.84,15907.81,65,118,155
85,884,846,338712.33,77802.62,14631.96,65,118,158
85,884,846,339000.18,77579.15,14631.96,65,118,159
85,884,846,339000.18,77694.89,14631.96,65,118,158
85,884,846,339026.82,77802.62,14839.91,65,118,157
85,884,846,339822.62,79941.3,14386.61,65,118,157
85,884,846,341789.22,81867.41,14191.79,65,118,152
85,884,846,344095.1,82614.05,15345.11,65,118,143
85,884,846,344095.1,82995.92,15248.23,65,118,143
85,884,846,347847.27,83299.2,18398.84,65,117,154
85,884,846,347985.43,83200.81,18228.93,65,117,153
85,884,846,348345.48,83200.81,17886.31,65,117,154
85,884,846,349279.99,82639.28,17775.54,65,117,154
85,884,846,349916.98,82610.49,17775.54,65,117,154
85,884,846,349988.81,82415.59,17852.96,65,117,153
85,884,846,350084.21,82754.04,16892.71,65,117,157
85,884,846,350442.8,83556.68,16632.63,65,117,156
85,884,846,350828.52,83497.52,16632.63,65,117,156
85,884,846,350922.13,83543.28,16420.76,65,117,157
85,884,846,350933.33,82408.28,17998.98,65,117,153
85,884,846,351212.09,82346.21,17825.04,65,117,154
85,884,846,351550.31,82253.49,17945.86,65,117,157
85,884,846,351607.17,82323.45,17310.98,65,117,158
85,884,846,351881.73,82536.97,16972.54,65,117,156
85,884,846,351911.81,82189.45,17750.63,65,117,158
85,884,846,351911.81,82253.49,17750.63,65,117,157
85,884,846,352043.58,82462.86,17069.63,65,117,157
85,884,846,352043.58,82462.86,17306.56,65,117,156
85,884,846,352043.58,82534.9,17004.41,65,117,156
85,884,846,352043.58,82534.9,17306.56,65,117,155
85,884,846,352063.29,82327.36,17396.28,65,117,155
85,884,846,352085.06,82534.9,16972.54,65,117,156
85,884,846,354961.98,81760.09,14489.53,65,117,155
85,884,846,356001.61,81332.61,14684.77,65,117,155
85,884,846,356001.61,81684.84,15011.55,65,117,154
85,884,847,333035.84,78780.15,16958.02,65,118,152
85,884,847,333209.3,78771.54,17105.41,65,118,152
85,884,847,334610.58,77998.18,15926.15,65,118,155
85,884,847,334610.58,78209.62,16113.79,65,118,154
85,884,847,335046.94,77889.49,16958.63,65,118,155
85,884,847,335054.46,77884.83,16444.61,65,118,157
85,884,847,335234.68,77939.07,16865.53,65,118,155
85,884,847,335405.13,77705.1,16436.71,65,118,156
85,884,847,335405.13,77866.69,16644.66,65,118,155
85,884,847,336024.67,78014.35,16644.66,65,118,154
85,884,847,338040.42,78449.0,15902.39,65,118,156
85,884,847,338335.34,77522.24,17745.0,65,118,156
85,884,847,338335.34,77643.19,17754.18,65,118,155
85,884,847,338551.02,77335.44,17745.0,65,118,156
85,884,847,339024.95,77652.95,14418.36,65,118,159
85,884,847,339024.95,77824.59,14626.31,65,118,158
85,884,847,339497.22,77824.59,14801.38,65,118,157
85,884,847,339533.57,80182.72,14686.95,65,118,157
85,884,847,339693.27,80118.39,14174.74,65,118,157
85,884,847,339822.62,80062.29,14397.45,65,118,156
85,884,847,339822.62,80068.62,14423.58,65,118,155
85,884,847,340087.08,80091.96,14174.74,65,118,157
85,884,847,340326.26,79870.35,14645.95,65,118,154
85,884,847,340971.49,79377.15,14334.77,65,118,155
85,884,847,341013.15,79645.25,14480.76,65,118,154
85,884,847,341013.15,79735.24,14268.89,65,118,154
85,884,847,341680.31,81920.94,14191.79,65,118,154
85,884,847,341705.34,81676.75,14191.79,65,118,153
85,884,847,341753.25,81659.83,14191.79,65,118,153
85,884,847,341789.22,81676.75,14191.79,65,118,152
85,884,847,342664.28,81428.92,13755.42,65,118,155
85,884,847,342664.28,81659.83,13547.47,65,118,155
85,884,847,342664.28,81659.83,13755.42,65,118,154
85,884,847,343095.92,81815.84,14387.02,65,118,151
85,884,847,343095.92,82285.83,14598.89,65,118,150
85,884,847,343661.26,83731.35,15880.52,65,118,142
85,884,847,343669.08,83623.41,15248.23,65,118,143
85,884,847,343669.08,83810.24,15248.23,65,118,142
85,884,847,343677.83,82305.12,15540.34,65,118,143
85,884,847,343757.14,82107.06,15345.11,65,118,143
85,884,847,349548.07,83488.48,16832.0,65,117,156
85,884,847,350276.03,83488.48,16792.2,65,117,156
85,884,847,350352.63,83228.83,17312.48,65,117,154
85,884,847,350352.63,83509.86,17045.37,65,117,155
85,884,847,350479.15,83462.58,16572.47,65,117,157
85,884,847,350679.93,82648.08,17312.48,65,117,154
85,884,847,350728.31,82427.35,16811.96,65,117,155
85,884,847,350728.31,82427.35,17019.91,65,117,154
85,884,847,350728.31,82689.1,17259.7,65,117,153
85,884,847,350728.31,82701.79,17613.54,65,117,152
85,884,847,351253.39,82701.79,17184.41,65,117,153
85,884,847,351385.66,83360.0,16572.47,65,117,157
85,884,847,351895.77,82397.89,17396.28,65,117,154
85,884,847,352075.89,82566.03,17396.28,65,117,153
85,884,847,353531.82,82133.42,14372.96,65,117,160
85,884,847,354203.02,82133.42,14367.54,65,117,160
85,884,847,354260.85,81847.57,14602.36,65,117,159
85,884,847,354465.34,82092.17,14367.54,65,117,160
85,884,847,355032.08,81695.28,14141.16,65,117,155
85,884,847,355370.57,81554.76,14141.16,65,117,156
85,884,848,332425.28,78413.35,17354.29,65,118,153
85,884,848,332425.28,78469.37,17146.34,65,118,154
85,884,848,332650.3,78858.86,17105.41,65,118,152
85,884,848,333003.91,78839.09,16958.02,65,118,152
85,884,848,333209.3,78762.6,17105.41,65,118,152
85,884,848,333476.63,77312.81,17796.46,65,118,158
85,884,848,333625.33,78606.22,16958.02,65,118,152
85,884,848,334306.1,78554.82,16958.02,65,118,152
85,884,848,334659.06,78428.64,16220.03,65,118,153
85,884,848,335405.96,78428.64,16522.18,65,118,152
85,884,848,335852.24,77998.18,15926.15,65,118,154
85,884,848,338778.96,80640.96,14677.65,65,118,157
85,884,848,340306.47,79894.49,14423.58,65,118,155
85,884,848,340326.26,79627.5,14635.45,65,118,155
85,884,848,340326.26,79627.5,14640.87,65,118,154
85,884,848,340971.49,79230.21,14334.77,65,118,155
85,884,848,341323.81,79230.21,14126.82,65,118,155
85,884,848,342099.19,82501.4,14615.53,65,118,150
85,884,848,342099.19,82653.09,14403.66,65,118,150
85,884,848,342456.49,82264.53,14652.07,65,118,150
85,884,848,342456.49,82334.38,14311.74,65,118,151
85,884,848,342456.49,82334.38,14506.98,65,118,150
85,884,848,342483.25,82285.83,14598.89,65,118,150
85,884,848,342616.0,82285.83,14403.66,65,118,150
85,884,848,343634.54,81039.35,14098.04,65,118,156
85,884,848,343634.54,81228.27,13755.42,65,118,155
85,884,848,350224.29,82381.69,17312.48,65,117,154
85,884,848,350470.84,82301.99,16811.96,65,117,155
85,884,848,350470.84,82301.99,17804.93,65,117,154
85,884,848,351294.13,82407.69,17312.13,65,117,154
85,884,848,352276.64,82642.08,15935.79,65,117,156
85,884,848,353225.38,82133.42,14344.34,65,117,160
85,884,848,353396.09,82193.57,14686.96,65,117,159
85,884,848,354049.76,81624.02,14602.36,65,117,159
85,884,848,354276.22,82974.11,15568.13,65,117,156
85,884,848,354811.57,81554.76,14141.16,65,117,156
85,884,848,355004.75,81789.01,14132.45,65,117,158
85,884,849,331639.14,78730.17,17385.75,65,118,153
85,884,849,331639.14,78730.17,17566.16,65,118,152
85,884,849,331995.64,78409.67,17566.16,65,118,152
85,884,849,332293.34,78730.17,17173.88,65,118,154
85,884,849,332320.57,77724.77,17324.87,65,118,154
85,884,849,332320.57,77889.83,17146.34,65,118,154
85,884,849,332374.99,77450.25,17113.0,65,118,155
85,884,849,332404.62,77603.17,15856.63,65,118,158
85,884,849,332404.62,77603.17,16068.5,65,118,157
85,884,849,332768.79,77582.1,16185.36,65,118,157
85,884,849,332843.6,78574.85,17105.41,65,118,153
85,884,849,332843.6,78730.17,16893.54,65,118,154
85,884,849,333174.52,77999.75,16784.11,65,118,156
85,884,849,333174.52,77999.75,17086.26,65,118,155
85,884,849,333270.16,78178.04,17116.71,65,118,154
85,884,849,333270.16,78193.42,17012.43,65,118,155
85,884,849,333272.2,77439.66,17308.23,65,118,156
85,884,849,333398.88,77263.29,16280.37,65,118,158
85,884,849,333409.02,77166.8,17707.17,65,118,155
85,884,849,333444.14,78215.37,16764.62,65,118,156
85,884,849,333600.07,77174.68,17210.76,65,118,157
85,884,849,333600.07,77263.29,16492.24,65,118,157
85,884,849,333625.74,77179.33,17526.77,65,118,156
85,884,849,334103.66,78593.94,16691.29,65,118,152
85,884,849,334386.6,78382.71,16775.8,65,118,152
85,884,849,334610.92,78382.71,16770.38,65,118,152
85,884,849,338254.56,80886.3,14282.92,65,118,158
85,884,849,338506.1,80729.85,14673.73,65,118,157
85,884,849,338638.17,80836.46,14283.26,65,118,157
85,884,849,338771.68,80886.3,14273.51,65,118,158
85,884,849,339132.99,81177.48,14273.51,65,118,157
85,884,849,339404.89,79038.73,14484.15,65,118,153
85,884,849,339591.06,78896.58,14479.07,65,118,153
85,884,849,339704.26,80025.55,13898.45,65,118,155
85,884,849,339901.99,79929.78,13898.45,65,118,155
85,884,849,339910.1,78909.28,14283.83,65,118,154
85,884,849,339910.1,78913.34,14283.83,65,118,153
85,884,849,340325.73,76991.87,15319.81,65,118,151
85,884,849,340462.9,78650.78,14311.55,65,118,154
85,884,849,340604.1,77912.16,14311.55,65,118,154
85,884,849,340812.5,77384.21,14672.4,65,118,152
85,884,849,340812.5,77484.65,14311.55,65,118,154
85,884,849,340812.5,77546.33,14431.42,65,118,153
85,884,849,341125.1,78650.78,14126.82,65,118,155
85,884,849,341142.2,76991.87,14880.34,65,118,151
85,884,849,341296.96,77009.77,15319.81,65,118,150
85,884,849,341811.45,82334.38,13730.68,65,118,151
85,884,849,342033.8,82532.16,14652.07,65,118,150
85,884,849,342088.73,82264.53,14652.07,65,118,150
85,884,849,342657.66,83128.54,15063.84,65,118,146
85,884,849,343245.05,83749.29,15880.52,65,118,142
85,884,849,350819.62,82402.35,17312.13,65,117,154
85,884,849,351119.13,82129.55,18070.67,65,117,152
85,884,849,351119.13,82402.35,17312.13,65,117,153
85,884,849,351174.02,82129.55,17853.72,65,117,153
85,884,849,352242.01,82484.64,15480.28,65,117,158
85,884,849,352250.45,82310.11,14682.55,65,117,159
85,884,849,352986.92,82167.32,14710.97,65,117,159
85,884,849,353111.41,82167.32,14686.96,65,117,159
85,884,849,353244.7,82040.8,14682.55,65,117,159
85,884,849,354049.76,81625.27,14602.36,65,117,158
85,884,849,354200.54,81625.27,14512.08,65,117,158
85,884,849,354309.11,81600.5,14327.68,65,117,158
85,884,850,332628.21,79365.38,17105.41,65,118,152
85,884,850,333527.24,78372.93,16893.28,65,118,155
85,884,850,333625.74,77146.57,17526.77,65,118,156
85,884,850,333714.51,78357.04,16987.44,65,118,155
85,884,850,338020.54,79547.72,14036.29,65,118,157
85,884,850,338233.81,79656.16,13734.14,65,118,158
85,884,850,338446.05,79547.72,13734.14,65,118,157
85,884,850,338479.07,80645.79,13630.77,65,118,158
85,884,850,338605.01,80359.5,13538.56,65,118,158
85,884,850,338742.33,80055.61,13898.45,65,118,155
85,884,850,339901.99,79287.69,14257.7,65,118,154
85,884,850,340048.32,79972.69,13625.88,65,118,154
85,884,850,340224.95,79859.08,13625.88,65,118,154
85,884,850,341296.96,77072.26,14539.43,65,118,152
85,884,850,342454.15,83123.3,15063.84,65,118,146
85,884,850,342996.56,82910.9,14728.49,65,118,148
85,884,850,343575.78,82582.78,15063.84,65,118,146
85,884,850,343806.35,82570.67,14931.25,65,118,146
85,884,850,343806.35,82712.94,15139.2,65,118,145
85,884,850,343806.84,82910.9,14516.62,65,118,149
85,884,851,333132.86,76940.27,17933.87,65,118,155
85,884,851,333132.86,77093.84,17738.64,65,118,156
85,884,851,333625.74,77093.84,17526.77,65,118,156
85,884,851,337242.84,78881.34,15185.78,65,118,158
85,884,851,337528.92,79537.57,14036.29,65,118,157
85,884,851,338082.87,79775.34,13734.14,65,118,158
85,884,851,338605.01,80149.39,13538.56,65,118,158
85,884,851,338673.7,79722.92,13625.88,65,118,154
85,884,851,338925.51,78611.71,14021.35,65,118,153
85,884,851,338943.57,79353.12,13441.15,65,118,153
85,884,851,339454.52,79342.51,13441.15,65,118,153
85,884,851,339530.05,78281.79,14021.35,65,118,153
85,884,851,339600.76,82360.59,14999.52,65,118,146
85,884,851,339600.76,82394.2,14529.27,65,118,147
85,884,851,339916.62,80011.61,13417.93,65,118,155
85,884,851,340016.97,82288.94,14529.27,65,118,147
85,884,851,340155.55,77266.69,14223.27,65,118,154
85,884,851,340288.92,78551.87,13809.48,65,118,153
85,884,851,340288.92,78611.71,13597.61,65,118,153
85,884,851,340660.78,77266.69,14435.14,65,118,153
85,884,851,340717.06,78526.59,13809.48,65,118,153
85,884,851,340931.03,77266.69,14417.55,65,118,153
85,884,851,341143.8,77219.82,14417.55,65,118,153
85,884,851,341720.58,82244.01,14724.51,65,118,147
85,884,851,342348.93,82780.2,14142.65,65,118,149
85,884,851,342385.66,82780.2,13782.93,65,118,150
85,884,851,343043.53,82109.36,14674.78,65,118,148
85,884,851,343275.53,82607.17,14464.04,65,118,149
85,884,851,343432.61,82602.21,14464.04,65,118,149
85,884,851,343463.23,82600.29,14516.62,65,118,149
85,884,851,345805.85,82021.7,14812.28,65,118,148
85,884,851,345877.62,82180.98,15073.89,65,118,147
85,884,851,346044.07,81934.11,14994.61,65,118,147
85,884,852,335688.0,78181.6,17378.27,65,118,153
85,884,852,336436.71,77852.37,17313.79,65,118,154
85,884,852,336436.71,77852.37,18079.85,65,118,153
85,884,852,336568.9,78923.1,15106.5,65,118,158
85,884,852,336743.08,77852.37,18053.72,65,118,153
85,884,852,337031.43,79040.43,15314.45,65,118,157
85,884,852,337155.73,79157.18,15094.72,65,118,157
85,884,852,337155.73,79178.06,14036.29,65,118,157
85,884,852,337204.89,78714.5,15185.78,65,118,159
85,884,852,337204.89,78714.5,15405.52,65,118,158
85,884,852,337204.89,78881.34,15185.78,65,118,158
85,884,852,337556.52,77636.82,17597.54,65,118,153
85,884,852,338426.91,77488.31,17597.54,65,118,153
85,884,852,338493.73,79387.14,13441.15,65,118,153
85,884,852,338671.85,82489.76,16017.78,65,118,146
85,884,852,338671.85,82645.97,15832.04,65,118,146
85,884,852,338915.91,78708.0,14233.22,65,118,153
85,884,852,338915.91,78893.65,14021.35,65,118,153
85,884,852,338915.91,79034.6,13653.02,65,118,153
85,884,852,338921.36,76910.62,14360.3,65,118,155
85,884,852,338921.36,76910.62,14544.75,65,118,154
85,884,852,338989.5,78343.75,14021.35,65,118,153
85,884,852,339058.72,82645.97,15414.06,65,118,146
85,884,852,339534.81,78338.57,14021.35,65,118,152
85,884,852,339544.59,77662.59,14192.33,65,118,155
85,884,852,340604.72,77390.39,14506.24,65,118,153
85,884,852,342398.82,82244.01,14145.3,65,118,148
85,884,852,343043.53,82108.31,14674.78,65,118,148
85,884,852,343891.0,82103.41,15032.8,65,118,147
85,884,852,344385.82,82021.7,14812.28,65,118,147
85,884,853,338095.69,77488.31,17583.38,65,118,154
85,884,853,338403.79,82864.72,16377.03,65,118,145
85,884,853,338545.53,77488.31,17792.78,65,118,151
85,884,853,338574.61,77370.07,14192.33,65,118,156
85,884,853,338649.48,78123.13,14187.8,65,118,154
85,884,853,338671.85,82809.49,16377.03,65,118,145
85,884,853,338672.82,78115.41,13968.06,65,118,155
85,884,853,338711.4,78123.13,14187.8,65,118,153
85,884,853,338921.36,76908.79,14544.75,65,118,154
85,884,853,338992.45,78476.43,13995.22,65,118,152
85,884,853,339022.02,78338.57,14021.35,65,118,152
85,884,853,339022.02,78476.43,13995.22,65,118,153
85,884,853,339081.55,77795.37,13557.66,65,118,157
85,884,853,339170.22,78254.69,13788.75,65,118,155
85,884,853,339170.22,78273.29,13583.79,65,118,156
85,884,853,339170.86,78086.55,13968.06,65,118,155
85,884,853,339279.41,77325.48,14192.33,65,118,156
85,884,853,339832.38,76885.75,14550.17,65,118,154
85,884,853,340011.09,76871.48,14550.17,65,118,154
85,884,853,340142.99,76920.61,14482.01,65,118,154
85,884,853,340142.99,76920.61,14693.88,65,118,153
85,884,853,340438.05,76835.47,14482.01,65,118,154
85,884,853,340662.92,76817.95,14714.2,65,118,154
85,884,853,340687.95,77146.21,14506.24,65,118,153
85,884,853,341095.92,76817.95,14562.89,65,118,154
85,884,854,337789.71,82951.39,16165.17,65,118,146
85,884,854,337789.71,82951.39,16377.03,65,118,145
85,884,854,338711.4,78308.83,14640.64,65,118,152
85,884,854,339115.43,78308.83,13995.22,65,118,152
85,884,855,337492.27,82951.39,16165.17,65,118,146
85,884,855,337492.27,83080.03,15930.35,65,118,147
85,884,855,337858.85,81603.28,14871.41,65,118,155
85,884,855,337979.73,83101.29,15926.43,65,118,148
85,884,855,338016.84,82681.42,16095.54,65,118,146
85,884,855,338476.13,81799.4,14868.95,65,118,154
85,884,855,338600.95,81949.63,15458.34,65,118,150
85,884,855,338895.98,82216.25,15458.34,65,118,149
85,884,855,338895.98,82229.66,15640.32,65,118,148
85,884,855,338895.98,82836.08,15246.63,65,118,149
85,884,855,338895.98,82836.08,15454.58,65,118,148
85,884,856,337868.84,82840.98,15813.84,65,118,147
85,884,856,338041.15,82226.91,15056.59,65,118,153
85,884,856,338100.79,82009.26,14874.26,65,118,149
85,884,856,338274.67,82144.07,14662.39,65,118,149
85,884,856,338290.47,81949.63,15452.68,65,118,150
85,884,856,338290.47,82009.26,14857.62,65,118,149
85,884,856,338314.96,82705.05,15813.84,65,118,147
85,884,856,338314.96,82705.05,16030.79,65,118,146
85,884,856,338320.64,83114.57,14268.49,65,118,151
85,884,856,338320.64,83115.79,14477.89,65,118,150
85,884,856,338325.47,83114.57,14453.23,65,118,150
85,884,856,338482.18,82754.91,14076.36,65,118,152
85,884,856,338484.62,82762.0,14076.36,65,118,151
85,884,856,338491.47,82144.07,14303.13,65,118,150
85,884,856,338532.91,82762.0,14054.15,65,118,151
85,884,856,338825.68,82250.08,14303.13,65,118,149
85,884,856,338855.7,82182.68,14303.13,65,118,149
85,884,856,339015.65,83114.57,14284.12,65,118,150
85,884,856,339091.92,82669.99,14054.15,65,118,151
85,884,857,338041.15,82812.54,14845.73,65,118,154
85,884,857,338407.61,82057.66,14624.37,65,118,155
